id,type,subject,nation,region,province,city,conservation_org,collection,inventory_id,author,measure_height,measure_length,measure_unit,materials,conservation_status,conservation_status_desc,description,notes,acquisition_type,acquisition_resp,acquisition_date,acquisition_place,property,path_image_verso,path_image_recto,begin_date,end_date
231849,disegno,Ponte delle torri di Faenza come si trovava nel 1631,Italia,Emilia-Romagna,RA,Faenza,Biblioteca Comunale Manfrediana,Disegni e acquerelli di Romolo Liverani - Repertorio 9,219568 Album 10 bis - tav. 3,Liverani Romolo,"26,2","35,3",cm.,carta/ matita/ china,buono,Vistosa lacuna sulla parte destra con intervento di velatura. Conservato ripiegato.,Il verso del foglio è di color arancione e reca un piccolo schizzo del ponte.,"L'album al quale appartiene il presente disegno è slegato ed è costituito da 30 fogli con 51 disegni a matita, a penna, a penna acquarellata di formato diverso: nn. 1-3 di cm 27,2 x 21, nn. 3-4 di cm 35 x 26, nn. 5-14 di cm 54 x 41,5, nn. 15-40 di cm 27 x 21, n. 41 di cm 45 x 32, n. 42 di cm 27,5 x 21, n. 43 di cm 32 x 14, nn. 44-48 di cm 27,5 x 21, n. 49 di cm 26,5 x 40, n. 50 di cm 26,5 x 38,5, n. 51 di cm 42,5 x 27,5. Fu acquistato presso la libreria Tonini di Ravenna nel 1991 grazie al contributo della Banca del Monte e Cassa di risparmio di Faenza. Comprende vedute di Faenza e dintorni (Sarna, Ceparano, S. Mamante, Montefortino, Oriolo, Basiago, Rivalta, Castel Raniero, Marzeno) con date comprese tra il 1843 ed il 1866. Spiccano per particolare sensibilità grafica e scioltezza del ductus i disegni a matita (nn. 5-14) che documentano la rovina del ponte in seguito alla piena del Lamone e confermano le qualità di Romolo Liverani.",acquisto,Libreria Tonini,"1985
",Ravenna,Comune di Faenza,https://bbcc.regione.emilia-romagna.it/pater/data/ravenna/lc-00112/lc-00112_11/tav3-219568-album10bis-r.jpg,https://bbcc.regione.emilia-romagna.it/pater/data/ravenna/lc-00112/lc-00112_11/tav3-219568-album10bis-v.jpg,1843,1866
206947,disegno,Lunetta con bassorilievo.,Italia,Emilia-Romagna,RA,Faenza,Biblioteca Comunale Manfrediana,Disegni e acquerelli di Romolo Liverani - Repertorio 9,"897 Album 2 - tavv. 85 e 87, dis. 121 e 123",Liverani Romolo,31,"21,5",cm.,carta/ penna/ acquarello,discreto,"Evidenti restauri con carta giapponese ad integrazione delle lacune in corrispondenza dell'angolo superiore sinistro e lungo la piegatura centrale, quest'ultima dovuta alla antica legatura. ",,"Il disegno in origine apparteneva ad un album; tale album, però, durante l'ultimo restauro, ha subito il distacco della coperta e della legatura, ed ora i disegni sono conservati sciolti in una scatola, indicata come album n. 2. La prima parte dell'iscrizione in calce al disegno della lunetta con bassorilievo si riferisce alla tavola n. 88. Sull'altro lato della tavola è raffiugurata una veduta comprendente: il Torrione di Brisighella, la Rocca, il Monticino, Rontana e la Torre di Calamello.",donazione,Arnaldo Minardi,1932,,Comune di Faenza,https://bbcc.regione.emilia-romagna.it/pater/data/ravenna/lc-00112/lc-00112_01/897-album2-tav85-86.jpg,,1830,1840
232040,disegno,"Sagrestia della chiesa dell'Osservanza, Faenza",Italia,Emilia-Romagna,RA,Faenza,Biblioteca Comunale Manfrediana,Disegni e acquerelli di Romolo Liverani ,219607 Album 10 bis - tavv. 42-43,Liverani Romolo,21,"27,4",cm.,carta/ matita/ china acquerellata,buono,Lacune lungo il margine destro con interventi di velatura. Conservato unito alla tavola 44 in quanto appartenente allo stesso bifolio. ,L'iscrizione definisce il disegno 42: sagrestia della Chiesa dell'Osservanza di Faenza come nel 1866. Mentre l'iscrizione del disegno 43 riporta le seguenti indicazioni: casino di casa Gessi in Sarna con le sue adiacenze nel 1868. Entrambi i disegni sono incollati al bifolio di supporto.,"L'album al quale appartiene il presente disegno è slegato ed è costituito da 30 fogli con 51 disegni a matita, a penna, a penna acquarellata di formato diverso: nn. 1-3 di cm 27,2 x 21, nn. 3-4 di cm 35 x 26, nn. 5-14 di cm 54 x 41,5, nn. 15-40 di cm 27 x 21, n. 41 di cm 45 x 32, n. 42 di cm 27,5 x 21, n. 43 di cm 32 x 14, nn. 44-48 di cm 27,5 x 21, n. 49 di cm 26,5 x 40, n. 50 di cm 26,5 x 38,5, n. 51 di cm 42,5 x 27,5. Fu acquistato presso la libreria Tonini di Ravenna nel 1991 grazie al contributo della Banca del Monte e Cassa di risparmio di Faenza. Comprende vedute di Faenza e dintorni (Sarna, Ceparano, S. Mamante, Montefortino, Oriolo, Basiago, Rivalta, Castel Raniero, Marzeno) con date comprese tra il 1843 ed il 1866. Spiccano per particolare sensibilità grafica e scioltezza del ductus i disegni a matita (nn. 5-14) che documentano la rovina del ponte in seguito alla piena del Lamone e confermano le qualità di Romolo Liverani.",acquisto,Libreria Tonini,1985,Ravenna,Comune di Faenza,https://bbcc.regione.emilia-romagna.it/pater/data/ravenna/lc-00112/lc-00112_11/tav42-219607-album10bis-r.jpg,https://bbcc.regione.emilia-romagna.it/pater/data/ravenna/lc-00112/lc-00112_11/tav43-219607-album10bis-v.jpg,1843,1866
231904,disegno,Ruderi del ponte delle Torri di Faenza dopo la caduta visti dal centro del fiume,Italia,Emilia-Romagna,RA,Faenza,Biblioteca Comunale Manfrediana,Disegni e acquerelli di Romolo Liverani - Repertorio 9,219571 Album 10 bis - tav. 6,Liverani Romolo,"41,5","54,8",cm.,carta/ matita,buono,Vistose lacune su entrambi i lati. Conservato ripiegato.,"Il ponte medievale a tre archi, che aveva sostituito in epoca imprecisata l'antico ponte romano sul fiume Lamone, era caratterizzato da due torri merlate: l'una posta sulla riva sinistra fungeva da porta della città, l'altra collocata sulla pila tra l'arco centrale e quello sulla sponda verso il Borgo d'Urbecco. Il complesso può farsi risalire ai secoli XIII e XIV e aveva subito vari restauri ed interventi. L'ultimo era stato quello del 1777 di G. Pistocchi che, oltre al selciato, aveva rifatto completamente i parapetti, delimitati alle testate, da larghe basi ovali. Negli anni immediatamente seguenti i tetti, che erano posti sopra i merli delle torri, furono rifatti al di sotto degli stessi. I numerosi disegni di Romolo Liverani, che l'ha ripreso da svariati punti di vista, ce ne hanno tramandato l'immagine fedele ed esauriente, sia del ponte nella sua interezza sia dei ruderi dopo il crollo. Il crollo fu dovuto ad una piena nel 1842, e lo stesso Liverani scrive: “14 settembre 1842, giorno fatale per la memorabile piena delle acque condotte nel fiume, di modoche era la fiumana superiore alle archate da 3 Metri e per due ore il ponte stesso chiuso, poi non potendo più reggere allo urto del acqua, sulle 10 e 3/4 della mattina cadde, rovinando la pilla dalla parte della città [...]","L'album al quale appartiene il presente disegno è slegato ed è costituito da 30 fogli con 51 disegni a matita, a penna, a penna acquarellata di formato diverso: nn. 1-3 di cm 27,2 x 21, nn. 3-4 di cm 35 x 26, nn. 5-14 di cm 54 x 41,5, nn. 15-40 di cm 27 x 21, n. 41 di cm 45 x 32, n. 42 di cm 27,5 x 21, n. 43 di cm 32 x 14, nn. 44-48 di cm 27,5 x 21, n. 49 di cm 26,5 x 40, n. 50 di cm 26,5 x 38,5, n. 51 di cm 42,5 x 27,5. Fu acquistato presso la libreria Tonini di Ravenna nel 1991 grazie al contributo della Banca del Monte e Cassa di risparmio di Faenza. Comprende vedute di Faenza e dintorni (Sarna, Ceparano, S. Mamante, Montefortino, Oriolo, Basiago, Rivalta, Castel Raniero, Marzeno) con date comprese tra il 1843 ed il 1866. Spiccano per particolare sensibilità grafica e scioltezza del ductus i disegni a matita (nn. 5-14) che documentano la rovina del ponte in seguito alla piena del Lamone e confermano le qualità di Romolo Liverani.",acquisto,Libreria Tonini,1985,Ravenna,Comune di Faenza,https://bbcc.regione.emilia-romagna.it/pater/data/ravenna/lc-00112/lc-00112_11/tav6-219571-album10bis-r.jpg,https://bbcc.regione.emilia-romagna.it/pater/data/ravenna/lc-00112/lc-00112_11/tav6-219571-album10bis-v.jpg,1843,1866
231905,disegno,Ruderi del ponte delle Torri di Faenza visti dal borgo Durbecco,Italia,Emilia-Romagna,RA,Faenza,Biblioteca Comunale Manfrediana,Disegni e acquerelli di Romolo Liverani - Repertorio 9,219572 Album 10 bis - tav. 7,Liverani Romolo,"41,4","54,7",cm.,carta/ matita,buono,Vistose lacune su entrambi i lati. Conservato ripiegato.,"Il ponte medievale a tre archi, che aveva sostituito in epoca imprecisata l'antico ponte romano sul fiume Lamone, era caratterizzato da due torri merlate: l'una posta sulla riva sinistra fungeva da porta della città, l'altra collocata sulla pila tra l'arco centrale e quello sulla sponda verso il Borgo d'Urbecco. Il complesso può farsi risalire ai secoli XIII e XIV e aveva subito vari restauri ed interventi. L'ultimo era stato quello del 1777 di G. Pistocchi che, oltre al selciato, aveva rifatto completamente i parapetti, delimitati alle testate, da larghe basi ovali. Negli anni immediatamente seguenti i tetti, che erano posti sopra i merli delle torri, furono rifatti al di sotto degli stessi. I numerosi disegni di Romolo Liverani, che l'ha ripreso da svariati punti di vista, ce ne hanno tramandato l'immagine fedele ed esauriente, sia del ponte nella sua interezza sia dei ruderi dopo il crollo. Il crollo fu dovuto ad una piena nel 1842, e lo stesso Liverani scrive: “14 settembre 1842, giorno fatale per la memorabile piena delle acque condotte nel fiume, di modoche era la fiumana superiore alle archate da 3 Metri e per due ore il ponte stesso chiuso, poi non potendo più reggere allo urto del acqua, sulle 10 e 3/4 della mattina cadde, rovinando la pilla dalla parte della città [...]","L'album al quale appartiene il presente disegno è slegato ed è costituito da 30 fogli con 51 disegni a matita, a penna, a penna acquarellata di formato diverso: nn. 1-3 di cm 27,2 x 21, nn. 3-4 di cm 35 x 26, nn. 5-14 di cm 54 x 41,5, nn. 15-40 di cm 27 x 21, n. 41 di cm 45 x 32, n. 42 di cm 27,5 x 21, n. 43 di cm 32 x 14, nn. 44-48 di cm 27,5 x 21, n. 49 di cm 26,5 x 40, n. 50 di cm 26,5 x 38,5, n. 51 di cm 42,5 x 27,5. Fu acquistato presso la libreria Tonini di Ravenna nel 1991 grazie al contributo della Banca del Monte e Cassa di risparmio di Faenza. Comprende vedute di Faenza e dintorni (Sarna, Ceparano, S. Mamante, Montefortino, Oriolo, Basiago, Rivalta, Castel Raniero, Marzeno) con date comprese tra il 1843 ed il 1866. Spiccano per particolare sensibilità grafica e scioltezza del ductus i disegni a matita (nn. 5-14) che documentano la rovina del ponte in seguito alla piena del Lamone e confermano le qualità di Romolo Liverani.",acquisto,Libreria Tonini,1985,Ravenna,Comune di Faenza,https://bbcc.regione.emilia-romagna.it/pater/data/ravenna/lc-00112/lc-00112_11/tav7-219572-album10bis-r.jpg,https://bbcc.regione.emilia-romagna.it/pater/data/ravenna/lc-00112/lc-00112_11/tav7-219572-album10bis-v.jpg,1843,1866
231908,disegno,Ruderi del ponte delle Torri di Faenza visti dalla porta della città,Italia,Emilia-Romagna,RA,Faenza,Biblioteca Comunale Manfrediana,Disegni e acquerelli di Romolo Liverani - Repertorio 9,219575 Album 10 bis - tav. 10,Liverani Romolo,"41,4","54,8",cm.,carta/ matita,buono,Lacune su entrambi i lati con interventi di velatura. Conservato ripiegato.,"Il ponte medievale a tre archi, che aveva sostituito in epoca imprecisata l'antico ponte romano sul fiume Lamone, era caratterizzato da due torri merlate: l'una posta sulla riva sinistra fungeva da porta della città, l'altra collocata sulla pila tra l'arco centrale e quello sulla sponda verso il Borgo d'Urbecco. Il complesso può farsi risalire ai secoli XIII e XIV e aveva subito vari restauri ed interventi. L'ultimo era stato quello del 1777 di G. Pistocchi che, oltre al selciato, aveva rifatto completamente i parapetti, delimitati alle testate, da larghe basi ovali. Negli anni immediatamente seguenti i tetti, che erano posti sopra i merli delle torri, furono rifatti al di sotto degli stessi. I numerosi disegni di Romolo Liverani, che l'ha ripreso da svariati punti di vista, ce ne hanno tramandato l'immagine fedele ed esauriente, sia del ponte nella sua interezza sia dei ruderi dopo il crollo. Il crollo fu dovuto ad una piena nel 1842, e lo stesso Liverani scrive: “14 settembre 1842, giorno fatale per la memorabile piena delle acque condotte nel fiume, di modoche era la fiumana superiore alle archate da 3 Metri e per due ore il ponte stesso chiuso, poi non potendo più reggere allo urto del acqua, sulle 10 e 3/4 della mattina cadde, rovinando la pilla dalla parte della città [...]","L'album al quale appartiene il presente disegno è slegato ed è costituito da 30 fogli con 51 disegni a matita, a penna, a penna acquarellata di formato diverso: nn. 1-3 di cm 27,2 x 21, nn. 3-4 di cm 35 x 26, nn. 5-14 di cm 54 x 41,5, nn. 15-40 di cm 27 x 21, n. 41 di cm 45 x 32, n. 42 di cm 27,5 x 21, n. 43 di cm 32 x 14, nn. 44-48 di cm 27,5 x 21, n. 49 di cm 26,5 x 40, n. 50 di cm 26,5 x 38,5, n. 51 di cm 42,5 x 27,5. Fu acquistato presso la libreria Tonini di Ravenna nel 1991 grazie al contributo della Banca del Monte e Cassa di risparmio di Faenza. Comprende vedute di Faenza e dintorni (Sarna, Ceparano, S. Mamante, Montefortino, Oriolo, Basiago, Rivalta, Castel Raniero, Marzeno) con date comprese tra il 1843 ed il 1866. Spiccano per particolare sensibilità grafica e scioltezza del ductus i disegni a matita (nn. 5-14) che documentano la rovina del ponte in seguito alla piena del Lamone e confermano le qualità di Romolo Liverani.",acquisto,Libreria Tonini,"1985
",Ravenna,Comune di Faenza,https://bbcc.regione.emilia-romagna.it/pater/data/ravenna/lc-00112/lc-00112_11/tav10-219575-album10bis-r.jpg,https://bbcc.regione.emilia-romagna.it/pater/data/ravenna/lc-00112/lc-00112_11/tav10-219575-album10bis-v.jpg,1843,1866
231939,disegno,Ruderi del ponte delle Torri di Faenza visti dalla prima torre del ponte stesso,Italia,Emilia-Romagna,RA,Faenza,Biblioteca Comunale Manfrediana,Disegni e acquerelli di Romolo Liverani - Repertorio 9,219577 Album 10 bis - tav. 12,Liverani Romolo,"41,2","54,8",cm.,carta/ matita,buono,Lacune su entrambi i lati con interventi di velatura. Conservato ripiegato.,"Il ponte medievale a tre archi, che aveva sostituito in epoca imprecisata l'antico ponte romano sul fiume Lamone, era caratterizzato da due torri merlate: l'una posta sulla riva sinistra fungeva da porta della città, l'altra collocata sulla pila tra l'arco centrale e quello sulla sponda verso il Borgo d'Urbecco. Il complesso può farsi risalire ai secoli XIII e XIV e aveva subito vari restauri ed interventi. L'ultimo era stato quello del 1777 di G. Pistocchi che, oltre al selciato, aveva rifatto completamente i parapetti, delimitati alle testate, da larghe basi ovali. Negli anni immediatamente seguenti i tetti, che erano posti sopra i merli delle torri, furono rifatti al di sotto degli stessi. I numerosi disegni di Romolo Liverani, che l'ha ripreso da svariati punti di vista, ce ne hanno tramandato l'immagine fedele ed esauriente, sia del ponte nella sua interezza sia dei ruderi dopo il crollo. Il crollo fu dovuto ad una piena nel 1842, e lo stesso Liverani scrive: “14 settembre 1842, giorno fatale per la memorabile piena delle acque condotte nel fiume, di modoche era la fiumana superiore alle archate da 3 Metri e per due ore il ponte stesso chiuso, poi non potendo più reggere allo urto del acqua, sulle 10 e 3/4 della mattina cadde, rovinando la pilla dalla parte della città [...]","L'album al quale appartiene il presente disegno è slegato ed è costituito da 30 fogli con 51 disegni a matita, a penna, a penna acquarellata di formato diverso: nn. 1-3 di cm 27,2 x 21, nn. 3-4 di cm 35 x 26, nn. 5-14 di cm 54 x 41,5, nn. 15-40 di cm 27 x 21, n. 41 di cm 45 x 32, n. 42 di cm 27,5 x 21, n. 43 di cm 32 x 14, nn. 44-48 di cm 27,5 x 21, n. 49 di cm 26,5 x 40, n. 50 di cm 26,5 x 38,5, n. 51 di cm 42,5 x 27,5. Fu acquistato presso la libreria Tonini di Ravenna nel 1991 grazie al contributo della Banca del Monte e Cassa di risparmio di Faenza. Comprende vedute di Faenza e dintorni (Sarna, Ceparano, S. Mamante, Montefortino, Oriolo, Basiago, Rivalta, Castel Raniero, Marzeno) con date comprese tra il 1843 ed il 1866. Spiccano per particolare sensibilità grafica e scioltezza del ductus i disegni a matita (nn. 5-14) che documentano la rovina del ponte in seguito alla piena del Lamone e confermano le qualità di Romolo Liverani.",acquisto,Libreria Tonini,1985,Ravenna,Comune di Faenza,https://bbcc.regione.emilia-romagna.it/pater/data/ravenna/lc-00112/lc-00112_11/tav12-219577-album10bis-r.jpg,https://bbcc.regione.emilia-romagna.it/pater/data/ravenna/lc-00112/lc-00112_11/tav12-219577-album10bis-v.jpg,1843,1866
231940,disegno,Ruderi del ponte delle Torri di Faenza visti dalla strada del borgo Durbecco,Italia,Emilia-Romagna,RA,Faenza,Biblioteca Comunale Manfrediana,Disegni e acquerelli di Romolo Liverani - Repertorio 9,219578 Album 10 bis - tav. 13,Liverani Romolo,"40,6","54,4",cm.,carta/ matita,buono,Lacune su entrambi i lati con interventi di velatura. Conservato ripiegato.,"Il ponte medievale a tre archi, che aveva sostituito in epoca imprecisata l'antico ponte romano sul fiume Lamone, era caratterizzato da due torri merlate: l'una posta sulla riva sinistra fungeva da porta della città, l'altra collocata sulla pila tra l'arco centrale e quello sulla sponda verso il Borgo d'Urbecco. Il complesso può farsi risalire ai secoli XIII e XIV e aveva subito vari restauri ed interventi. L'ultimo era stato quello del 1777 di G. Pistocchi che, oltre al selciato, aveva rifatto completamente i parapetti, delimitati alle testate, da larghe basi ovali. Negli anni immediatamente seguenti i tetti, che erano posti sopra i merli delle torri, furono rifatti al di sotto degli stessi. I numerosi disegni di Romolo Liverani, che l'ha ripreso da svariati punti di vista, ce ne hanno tramandato l'immagine fedele ed esauriente, sia del ponte nella sua interezza sia dei ruderi dopo il crollo. Il crollo fu dovuto ad una piena nel 1842, e lo stesso Liverani scrive: “14 settembre 1842, giorno fatale per la memorabile piena delle acque condotte nel fiume, di modoche era la fiumana superiore alle archate da 3 Metri e per due ore il ponte stesso chiuso, poi non potendo più reggere allo urto del acqua, sulle 10 e 3/4 della mattina cadde, rovinando la pilla dalla parte della città [...]","L'album al quale appartiene il presente disegno è slegato ed è costituito da 30 fogli con 51 disegni a matita, a penna, a penna acquarellata di formato diverso: nn. 1-3 di cm 27,2 x 21, nn. 3-4 di cm 35 x 26, nn. 5-14 di cm 54 x 41,5, nn. 15-40 di cm 27 x 21, n. 41 di cm 45 x 32, n. 42 di cm 27,5 x 21, n. 43 di cm 32 x 14, nn. 44-48 di cm 27,5 x 21, n. 49 di cm 26,5 x 40, n. 50 di cm 26,5 x 38,5, n. 51 di cm 42,5 x 27,5. Fu acquistato presso la libreria Tonini di Ravenna nel 1991 grazie al contributo della Banca del Monte e Cassa di risparmio di Faenza. Comprende vedute di Faenza e dintorni (Sarna, Ceparano, S. Mamante, Montefortino, Oriolo, Basiago, Rivalta, Castel Raniero, Marzeno) con date comprese tra il 1843 ed il 1866. Spiccano per particolare sensibilità grafica e scioltezza del ductus i disegni a matita (nn. 5-14) che documentano la rovina del ponte in seguito alla piena del Lamone e confermano le qualità di Romolo Liverani.",acquisto,Libreria Tonini,1985,Ravenna,Comune di Faenza,https://bbcc.regione.emilia-romagna.it/pater/data/ravenna/lc-00112/lc-00112_11/tav13-219578-album10bis-r.jpg,https://bbcc.regione.emilia-romagna.it/pater/data/ravenna/lc-00112/lc-00112_11/tav13-219578-album10bis-v.jpg,1843,1866
231948,disegno,Ruderi del ponte delle Torri di Faenza visti dal rivalino del fiume,Italia,Emilia-Romagna,RA,Faenza,Biblioteca Comunale Manfrediana,Disegni e acquerelli di Romolo Liverani - Repertorio 9,219579 Album 10 bis - tav. 14,Liverani Romolo,"41,4","54,7",cm.,carta/ matita,buono,Lacune su entrambi i lati con interventi di velatura. Conservato ripiegato e incollato alla tavola 15,"Il ponte medievale a tre archi, che aveva sostituito in epoca imprecisata l'antico ponte romano sul fiume Lamone, era caratterizzato da due torri merlate: l'una posta sulla riva sinistra fungeva da porta della città, l'altra collocata sulla pila tra l'arco centrale e quello sulla sponda verso il Borgo d'Urbecco. Il complesso può farsi risalire ai secoli XIII e XIV e aveva subito vari restauri ed interventi. L'ultimo era stato quello del 1777 di G. Pistocchi che, oltre al selciato, aveva rifatto completamente i parapetti, delimitati alle testate, da larghe basi ovali. Negli anni immediatamente seguenti i tetti, che erano posti sopra i merli delle torri, furono rifatti al di sotto degli stessi. I numerosi disegni di Romolo Liverani, che l'ha ripreso da svariati punti di vista, ce ne hanno tramandato l'immagine fedele ed esauriente, sia del ponte nella sua interezza sia dei ruderi dopo il crollo. Il crollo fu dovuto ad una piena nel 1842, e lo stesso Liverani scrive: “14 settembre 1842, giorno fatale per la memorabile piena delle acque condotte nel fiume, di modoche era la fiumana superiore alle archate da 3 Metri e per due ore il ponte stesso chiuso, poi non potendo più reggere allo urto del acqua, sulle 10 e 3/4 della mattina cadde, rovinando la pilla dalla parte della città [...]","L'album al quale appartiene il presente disegno è slegato ed è costituito da 30 fogli con 51 disegni a matita, a penna, a penna acquarellata di formato diverso: nn. 1-3 di cm 27,2 x 21, nn. 3-4 di cm 35 x 26, nn. 5-14 di cm 54 x 41,5, nn. 15-40 di cm 27 x 21, n. 41 di cm 45 x 32, n. 42 di cm 27,5 x 21, n. 43 di cm 32 x 14, nn. 44-48 di cm 27,5 x 21, n. 49 di cm 26,5 x 40, n. 50 di cm 26,5 x 38,5, n. 51 di cm 42,5 x 27,5. Fu acquistato presso la libreria Tonini di Ravenna nel 1991 grazie al contributo della Banca del Monte e Cassa di risparmio di Faenza. Comprende vedute di Faenza e dintorni (Sarna, Ceparano, S. Mamante, Montefortino, Oriolo, Basiago, Rivalta, Castel Raniero, Marzeno) con date comprese tra il 1843 ed il 1866. Spiccano per particolare sensibilità grafica e scioltezza del ductus i disegni a matita (nn. 5-14) che documentano la rovina del ponte in seguito alla piena del Lamone e confermano le qualità di Romolo Liverani.",acquisto,Libreria Tonini,1985,Ravenna,Comune di Faenza,https://bbcc.regione.emilia-romagna.it/pater/data/ravenna/lc-00112/lc-00112_11/tav14-219579-album10bis-r.jpg,https://bbcc.regione.emilia-romagna.it/pater/data/ravenna/lc-00112/lc-00112_11/tav14-219579-album10bis-v.jpg,1843,1866
231949,disegno,"Portico della chiesa dell'Osservanza, Faenza",Italia,Emilia-Romagna,RA,Faenza,Biblioteca Comunale Manfrediana,Disegni e acquerelli di Romolo Liverani - Repertorio 9,219580 Album 10 bis - tav. 15,Liverani Romolo,"21,3","27,5",cm.,carta/ china acquerellata,buono,Lacune sul lato destro con interventi di velatura. Conservato ripiegato e incollato alla tavola 14,,"L'album al quale appartiene il presente disegno è slegato ed è costituito da 30 fogli con 51 disegni a matita, a penna, a penna acquarellata di formato diverso: nn. 1-3 di cm 27,2 x 21, nn. 3-4 di cm 35 x 26, nn. 5-14 di cm 54 x 41,5, nn. 15-40 di cm 27 x 21, n. 41 di cm 45 x 32, n. 42 di cm 27,5 x 21, n. 43 di cm 32 x 14, nn. 44-48 di cm 27,5 x 21, n. 49 di cm 26,5 x 40, n. 50 di cm 26,5 x 38,5, n. 51 di cm 42,5 x 27,5. Fu acquistato presso la libreria Tonini di Ravenna nel 1991 grazie al contributo della Banca del Monte e Cassa di risparmio di Faenza. Comprende vedute di Faenza e dintorni (Sarna, Ceparano, S. Mamante, Montefortino, Oriolo, Basiago, Rivalta, Castel Raniero, Marzeno) con date comprese tra il 1843 ed il 1866. Spiccano per particolare sensibilità grafica e scioltezza del ductus i disegni a matita (nn. 5-14) che documentano la rovina del ponte in seguito alla piena del Lamone e confermano le qualità di Romolo Liverani.",acquisto,Libreria Tonini,1985,Ravenna,Comune di Faenza,https://bbcc.regione.emilia-romagna.it/pater/data/ravenna/lc-00112/lc-00112_11/tav15-219580-album10bis-r.jpg,https://bbcc.regione.emilia-romagna.it/pater/data/ravenna/lc-00112/lc-00112_11/tav15-219580-album10bis-v.jpg,1843,1866
231954,disegno,"Ingresso al cortile di villa Gessi a Sarna, Faenza",Italia,Emilia-Romagna,RA,Faenza,Biblioteca Comunale Manfrediana,Disegni e acquerelli di Romolo Liverani - Repertorio 9,219581 Album 10 bis - tav. 16,Liverani Romolo,21,"27,5",cm.,carta/ china acquerellata,buono,Lacune sul lato destro con interventi di velatura. ,L'iscrizione relativa a questo disegno si trova sulla tavola precedente e lo definisce: Veduta interna della villeggiatura di casa Gessi in Sarna fuori Faenza miglia 5 anno 1847,"L'album al quale appartiene il presente disegno è slegato ed è costituito da 30 fogli con 51 disegni a matita, a penna, a penna acquarellata di formato diverso: nn. 1-3 di cm 27,2 x 21, nn. 3-4 di cm 35 x 26, nn. 5-14 di cm 54 x 41,5, nn. 15-40 di cm 27 x 21, n. 41 di cm 45 x 32, n. 42 di cm 27,5 x 21, n. 43 di cm 32 x 14, nn. 44-48 di cm 27,5 x 21, n. 49 di cm 26,5 x 40, n. 50 di cm 26,5 x 38,5, n. 51 di cm 42,5 x 27,5. Fu acquistato presso la libreria Tonini di Ravenna nel 1991 grazie al contributo della Banca del Monte e Cassa di risparmio di Faenza. Comprende vedute di Faenza e dintorni (Sarna, Ceparano, S. Mamante, Montefortino, Oriolo, Basiago, Rivalta, Castel Raniero, Marzeno) con date comprese tra il 1843 ed il 1866. Spiccano per particolare sensibilità grafica e scioltezza del ductus i disegni a matita (nn. 5-14) che documentano la rovina del ponte in seguito alla piena del Lamone e confermano le qualità di Romolo Liverani.",acquisto,Libreria Tonini,1985,Ravenna,Comune di Faenza,https://bbcc.regione.emilia-romagna.it/pater/data/ravenna/lc-00112/lc-00112_11/tav16-219581-album10bis-r.jpg,https://bbcc.regione.emilia-romagna.it/pater/data/ravenna/lc-00112/lc-00112_11/tav16-219581-album10bis-v.jpg,1843,1866
231970,disegno,"Veduta interna del convento delle monache di San Maglorio, Faenza",Italia,Emilia-Romagna,RA,Faenza,Biblioteca Comunale Manfrediana,Disegni e acquerelli di Romolo Liverani - Repertorio 9,219586 Album 10 bis - tav. 21,Liverani Romolo,21,"27,5",cm.,carta/ china acquerellata,buono,Lacune sul lato destro con interventi di velatura. Conservato unito alla tavola 24 in quanto appartenente allo stesso bifolio.,"L'iscrizione relativa a questo disegno si trova sulla tavola precedente e lo definisce: veduta interna del convento delle monache di S. Maglorio e della chiesina che nell'interno, sotto terra, vi si trova una piccola stanza o buca dove si dice si nascondesse e stesse il Beato Nevolone faentino protettore dei calzolai a fare orazione ed ivi trovato morto, 1856.","L'album al quale appartiene il presente disegno è slegato ed è costituito da 30 fogli con 51 disegni a matita, a penna, a penna acquarellata di formato diverso: nn. 1-3 di cm 27,2 x 21, nn. 3-4 di cm 35 x 26, nn. 5-14 di cm 54 x 41,5, nn. 15-40 di cm 27 x 21, n. 41 di cm 45 x 32, n. 42 di cm 27,5 x 21, n. 43 di cm 32 x 14, nn. 44-48 di cm 27,5 x 21, n. 49 di cm 26,5 x 40, n. 50 di cm 26,5 x 38,5, n. 51 di cm 42,5 x 27,5. Fu acquistato presso la libreria Tonini di Ravenna nel 1991 grazie al contributo della Banca del Monte e Cassa di risparmio di Faenza. Comprende vedute di Faenza e dintorni (Sarna, Ceparano, S. Mamante, Montefortino, Oriolo, Basiago, Rivalta, Castel Raniero, Marzeno) con date comprese tra il 1843 ed il 1866. Spiccano per particolare sensibilità grafica e scioltezza del ductus i disegni a matita (nn. 5-14) che documentano la rovina del ponte in seguito alla piena del Lamone e confermano le qualità di Romolo Liverani.",acquisto,Libreria Tonini,1985,Ravenna,Comune di Faenza,https://bbcc.regione.emilia-romagna.it/pater/data/ravenna/lc-00112/lc-00112_11/tav21-219586-album10bis-r.jpg,https://bbcc.regione.emilia-romagna.it/pater/data/ravenna/lc-00112/lc-00112_11/tav21-219586-album10bis-v.jpg,1843,1866
232003,disegno,"Casa colonica dietro al vicolo detto Scaletta dei Cappuccini prima del rio della Cerchia, Faenza",Italia,Emilia-Romagna,RA,Faenza,Biblioteca Comunale Manfrediana,Disegni e acquerelli di Romolo Liverani ,219599 Album 10 bis - tav. 34,Liverani Romolo,21,"27,4",cm.,carta/ matita/ china acquerellata,buono,Lacune lungo il margine destro con interventi di velatura. Conservato unito alla tavola 35 in quanto appartenente allo stesso bifolio.,L'iscrizione della presente tavola si trova in testa al recto della tavola 36 e lo definisce: casa colonica dietro al vicolo detto Scaletta dei Capuccini prima del Rio della Cerchia come nel 1866.,"L'album al quale appartiene il presente disegno è slegato ed è costituito da 30 fogli con 51 disegni a matita, a penna, a penna acquarellata di formato diverso: nn. 1-3 di cm 27,2 x 21, nn. 3-4 di cm 35 x 26, nn. 5-14 di cm 54 x 41,5, nn. 15-40 di cm 27 x 21, n. 41 di cm 45 x 32, n. 42 di cm 27,5 x 21, n. 43 di cm 32 x 14, nn. 44-48 di cm 27,5 x 21, n. 49 di cm 26,5 x 40, n. 50 di cm 26,5 x 38,5, n. 51 di cm 42,5 x 27,5. Fu acquistato presso la libreria Tonini di Ravenna nel 1991 grazie al contributo della Banca del Monte e Cassa di risparmio di Faenza. Comprende vedute di Faenza e dintorni (Sarna, Ceparano, S. Mamante, Montefortino, Oriolo, Basiago, Rivalta, Castel Raniero, Marzeno) con date comprese tra il 1843 ed il 1866. Spiccano per particolare sensibilità grafica e scioltezza del ductus i disegni a matita (nn. 5-14) che documentano la rovina del ponte in seguito alla piena del Lamone e confermano le qualità di Romolo Liverani.",acquisto,Libreria Tonini,1985,Ravenna,Comune di Faenza,https://bbcc.regione.emilia-romagna.it/pater/data/ravenna/lc-00112/lc-00112_11/tav34-219599-album10bis-r.jpg,https://bbcc.regione.emilia-romagna.it/pater/data/ravenna/lc-00112/lc-00112_11/tav34-219599-album10bis-v.jpg,1843,1866
232024,disegno,"Cortile e portico del pozzo grande nell'ex convento dell'Osservanza, Faenza",Italia,Emilia-Romagna,RA,Faenza,Biblioteca Comunale Manfrediana,Disegni e acquerelli di Romolo Liverani ,219603 Album 10 bis - tav. 38,Liverani Romolo,21,"27,4",cm.,carta/ matita/ china acquerellata,buono,Lacune lungo il margine destro con interventi di velatura. Conservato unito alla tavola 39 in quanto appartenente allo stesso bifolio.,Il verso reca dettagli schizzati a china della facciata della chiesa di San Giorgio fuori la porta delle Chiavi del Borgo.,"L'album al quale appartiene il presente disegno è slegato ed è costituito da 30 fogli con 51 disegni a matita, a penna, a penna acquarellata di formato diverso: nn. 1-3 di cm 27,2 x 21, nn. 3-4 di cm 35 x 26, nn. 5-14 di cm 54 x 41,5, nn. 15-40 di cm 27 x 21, n. 41 di cm 45 x 32, n. 42 di cm 27,5 x 21, n. 43 di cm 32 x 14, nn. 44-48 di cm 27,5 x 21, n. 49 di cm 26,5 x 40, n. 50 di cm 26,5 x 38,5, n. 51 di cm 42,5 x 27,5. Fu acquistato presso la libreria Tonini di Ravenna nel 1991 grazie al contributo della Banca del Monte e Cassa di risparmio di Faenza. Comprende vedute di Faenza e dintorni (Sarna, Ceparano, S. Mamante, Montefortino, Oriolo, Basiago, Rivalta, Castel Raniero, Marzeno) con date comprese tra il 1843 ed il 1866. Spiccano per particolare sensibilità grafica e scioltezza del ductus i disegni a matita (nn. 5-14) che documentano la rovina del ponte in seguito alla piena del Lamone e confermano le qualità di Romolo Liverani.",acquisto,Libreria Tonini,1985,Ravenna,Comune di Faenza,https://bbcc.regione.emilia-romagna.it/pater/data/ravenna/lc-00112/lc-00112_11/tav38-219603-album10bis-r.jpg,https://bbcc.regione.emilia-romagna.it/pater/data/ravenna/lc-00112/lc-00112_11/tav38-219603-album10bis-v.jpg,1843,1866
232036,disegno,"Interno dell'ex chiesa di Santa Croce adibita ad osteria di casa Zauli Naldi detta la Pagnocca, Faenza",Italia,Emilia-Romagna,RA,Faenza,Biblioteca Comunale Manfrediana,Disegni e acquerelli di Romolo Liverani ,219605 Album 10 bis - tav. 40,Liverani Romolo,21,"27,4",cm.,carta/ matita/ china acquerellata,buono,Lacune lungo il margine destro con interventi di velatura. Conservato unito alla tavola 37 in quanto appartenente allo stesso bifolio.,"L'iscrizione relativa a questo disegno si trova sulla tavola precedente e lo definisce: interno della antica ex chiesa della parrocchia di S. Croce detta la Commenda in Faenza oggi ridotta ad Osteria di Casa Zauli Naldi detta la Pagnocca, come nel 1866.","L'album al quale appartiene il presente disegno è slegato ed è costituito da 30 fogli con 51 disegni a matita, a penna, a penna acquarellata di formato diverso: nn. 1-3 di cm 27,2 x 21, nn. 3-4 di cm 35 x 26, nn. 5-14 di cm 54 x 41,5, nn. 15-40 di cm 27 x 21, n. 41 di cm 45 x 32, n. 42 di cm 27,5 x 21, n. 43 di cm 32 x 14, nn. 44-48 di cm 27,5 x 21, n. 49 di cm 26,5 x 40, n. 50 di cm 26,5 x 38,5, n. 51 di cm 42,5 x 27,5. Fu acquistato presso la libreria Tonini di Ravenna nel 1991 grazie al contributo della Banca del Monte e Cassa di risparmio di Faenza. Comprende vedute di Faenza e dintorni (Sarna, Ceparano, S. Mamante, Montefortino, Oriolo, Basiago, Rivalta, Castel Raniero, Marzeno) con date comprese tra il 1843 ed il 1866. Spiccano per particolare sensibilità grafica e scioltezza del ductus i disegni a matita (nn. 5-14) che documentano la rovina del ponte in seguito alla piena del Lamone e confermano le qualità di Romolo Liverani.",acquisto,Libreria Tonini,1985,Ravenna,Comune di Faenza,https://bbcc.regione.emilia-romagna.it/pater/data/ravenna/lc-00112/lc-00112_11/tav40-219605-album10bis-r.jpg,https://bbcc.regione.emilia-romagna.it/pater/data/ravenna/lc-00112/lc-00112_11/tav40-219605-album10bis-v.jpg,1843,1866
232047,disegno,"Parco con angolo del lago di villa Gessi a Sarna, Faenza",Italia,Emilia-Romagna,RA,Faenza,Biblioteca Comunale Manfrediana,Disegni e acquerelli di Romolo Liverani ,219609 Album 10 bis - tav. 46,Liverani Romolo,21,"27,4",cm.,carta/ matita/ china acquerellata,buono,Lacune lungo il margine destro con interventi di velatura. ,L'iscrizione si trova sulla tavola precedente e lo definisce: un punto del lago nella villeggiatura a Sarna di casa Gessi. La carta che reca il disegno è incollata al foglio di supporto.,"L'album al quale appartiene il presente disegno è slegato ed è costituito da 30 fogli con 51 disegni a matita, a penna, a penna acquarellata di formato diverso: nn. 1-3 di cm 27,2 x 21, nn. 3-4 di cm 35 x 26, nn. 5-14 di cm 54 x 41,5, nn. 15-40 di cm 27 x 21, n. 41 di cm 45 x 32, n. 42 di cm 27,5 x 21, n. 43 di cm 32 x 14, nn. 44-48 di cm 27,5 x 21, n. 49 di cm 26,5 x 40, n. 50 di cm 26,5 x 38,5, n. 51 di cm 42,5 x 27,5. Fu acquistato presso la libreria Tonini di Ravenna nel 1991 grazie al contributo della Banca del Monte e Cassa di risparmio di Faenza. Comprende vedute di Faenza e dintorni (Sarna, Ceparano, S. Mamante, Montefortino, Oriolo, Basiago, Rivalta, Castel Raniero, Marzeno) con date comprese tra il 1843 ed il 1866. Spiccano per particolare sensibilità grafica e scioltezza del ductus i disegni a matita (nn. 5-14) che documentano la rovina del ponte in seguito alla piena del Lamone e confermano le qualità di Romolo Liverani.",acquisto,Libreria Tonini,1985,Ravenna,Comune di Faenza,https://bbcc.regione.emilia-romagna.it/pater/data/ravenna/lc-00112/lc-00112_11/tav46-219609-album10bis-r.jpg,https://bbcc.regione.emilia-romagna.it/pater/data/ravenna/lc-00112/lc-00112_11/tav46-219609-album10bis-v.jpg,1843,1866
232048,disegno,"Laghetto della villa dell'avvocato Giovanni Foschi, Faenza",Italia,Emilia-Romagna,RA,Faenza,Biblioteca Comunale Manfrediana,Disegni e acquerelli di Romolo Liverani ,219610 Album 10 bis - tav. 47,Liverani Romolo,21,"27,4",cm.,carta/ matita/ china acquerellata,buono,Lacune lungo il margine destro con interventi di velatura. ,L'iscrizione si trova sulla tavola precedente e lo definisce: laghetto della villetta dell'avvocato signor Giovanni Toschi come nel 1867. La carta che reca il disegno è incollata al foglio di supporto.,"L'album al quale appartiene il presente disegno è slegato ed è costituito da 30 fogli con 51 disegni a matita, a penna, a penna acquarellata di formato diverso: nn. 1-3 di cm 27,2 x 21, nn. 3-4 di cm 35 x 26, nn. 5-14 di cm 54 x 41,5, nn. 15-40 di cm 27 x 21, n. 41 di cm 45 x 32, n. 42 di cm 27,5 x 21, n. 43 di cm 32 x 14, nn. 44-48 di cm 27,5 x 21, n. 49 di cm 26,5 x 40, n. 50 di cm 26,5 x 38,5, n. 51 di cm 42,5 x 27,5. Fu acquistato presso la libreria Tonini di Ravenna nel 1991 grazie al contributo della Banca del Monte e Cassa di risparmio di Faenza. Comprende vedute di Faenza e dintorni (Sarna, Ceparano, S. Mamante, Montefortino, Oriolo, Basiago, Rivalta, Castel Raniero, Marzeno) con date comprese tra il 1843 ed il 1866. Spiccano per particolare sensibilità grafica e scioltezza del ductus i disegni a matita (nn. 5-14) che documentano la rovina del ponte in seguito alla piena del Lamone e confermano le qualità di Romolo Liverani.",acquisto,Libreria Tonini,1985,Ravenna,Comune di Faenza,https://bbcc.regione.emilia-romagna.it/pater/data/ravenna/lc-00112/lc-00112_11/tav47-219610-album10bis-r.jpg,https://bbcc.regione.emilia-romagna.it/pater/data/ravenna/lc-00112/lc-00112_11/tav47-219610-album10bis-v.jpg,1843,1866
232051,disegno,Veduta di Faenza dal casino Bucci detto Frega,Italia,Emilia-Romagna,RA,Faenza,Biblioteca Comunale Manfrediana,Disegni e acquerelli di Romolo Liverani ,219613 Album 10 bis - tav. 50,Liverani Romolo,21,"27,4",cm.,carta/ matita,buono,Lacune lungo il margine destro con interventi di velatura. Conservato ripiegato in bifolio.,L'iscrizione relativa al presente disegno si trova sul verso.,"L'album al quale appartiene il presente disegno è slegato ed è costituito da 30 fogli con 51 disegni a matita, a penna, a penna acquarellata di formato diverso: nn. 1-3 di cm 27,2 x 21, nn. 3-4 di cm 35 x 26, nn. 5-14 di cm 54 x 41,5, nn. 15-40 di cm 27 x 21, n. 41 di cm 45 x 32, n. 42 di cm 27,5 x 21, n. 43 di cm 32 x 14, nn. 44-48 di cm 27,5 x 21, n. 49 di cm 26,5 x 40, n. 50 di cm 26,5 x 38,5, n. 51 di cm 42,5 x 27,5. Fu acquistato presso la libreria Tonini di Ravenna nel 1991 grazie al contributo della Banca del Monte e Cassa di risparmio di Faenza. Comprende vedute di Faenza e dintorni (Sarna, Ceparano, S. Mamante, Montefortino, Oriolo, Basiago, Rivalta, Castel Raniero, Marzeno) con date comprese tra il 1843 ed il 1866. Spiccano per particolare sensibilità grafica e scioltezza del ductus i disegni a matita (nn. 5-14) che documentano la rovina del ponte in seguito alla piena del Lamone e confermano le qualità di Romolo Liverani.",acquisto,Libreria Tonini,1985,Ravenna,Comune di Faenza,https://bbcc.regione.emilia-romagna.it/pater/data/ravenna/lc-00112/lc-00112_11/tav50-219613-album10bis-r.jpg,https://bbcc.regione.emilia-romagna.it/pater/data/ravenna/lc-00112/lc-00112_11/tav50-219613-album10bis-v.jpg,1843,1866
232053,disegno,Veduta delle colline di Faenza e villa Rotonda dal casino Frega,Italia,Emilia-Romagna,RA,Faenza,Biblioteca Comunale Manfrediana,Disegni e acquerelli di Romolo Liverani ,219614 Album 10 bis - tav. 51,Liverani Romolo,"27,4","42,5",cm.,carta/ matita,buono,Lacune lungo la piegatura verticale integrate con interventi di velatura. Conservato ripiegato.,,"L'album al quale appartiene il presente disegno è slegato ed è costituito da 30 fogli con 51 disegni a matita, a penna, a penna acquarellata di formato diverso: nn. 1-3 di cm 27,2 x 21, nn. 3-4 di cm 35 x 26, nn. 5-14 di cm 54 x 41,5, nn. 15-40 di cm 27 x 21, n. 41 di cm 45 x 32, n. 42 di cm 27,5 x 21, n. 43 di cm 32 x 14, nn. 44-48 di cm 27,5 x 21, n. 49 di cm 26,5 x 40, n. 50 di cm 26,5 x 38,5, n. 51 di cm 42,5 x 27,5. Fu acquistato presso la libreria Tonini di Ravenna nel 1991 grazie al contributo della Banca del Monte e Cassa di risparmio di Faenza. Comprende vedute di Faenza e dintorni (Sarna, Ceparano, S. Mamante, Montefortino, Oriolo, Basiago, Rivalta, Castel Raniero, Marzeno) con date comprese tra il 1843 ed il 1866. Spiccano per particolare sensibilità grafica e scioltezza del ductus i disegni a matita (nn. 5-14) che documentano la rovina del ponte in seguito alla piena del Lamone e confermano le qualità di Romolo Liverani.",acquisto,Libreria Tonini,1985,Ravenna,Comune di Faenza,https://bbcc.regione.emilia-romagna.it/pater/data/ravenna/lc-00112/lc-00112_11/tav51-219614-album10bis-r.jpg,https://bbcc.regione.emilia-romagna.it/pater/data/ravenna/lc-00112/lc-00112_11/tav51-219614-album10bis-v.jpg,1843,1866
205498,disegno,"Atrio di una torre, da un lato porta di ferro.",Italia,Emilia-Romagna,RA,Faenza,Biblioteca Comunale Manfrediana,Disegni e acquerelli di Romolo Liverani - Repertorio 9,"218833 Album 2 - tav. 39, dis. 50",Liverani Romolo,"15,4","21,5",cm.,carta/ penna/ acquarello,buono,Qualche piccola lacuna vicino all'angolo inferiore sinistro dovuta all'acidità dell'inchiostro. Macchiato e lacunoso lungo il lato superiore a causa del nastro adesivo (ora asportato) utilizzato per tenerlo adeso al passepartout.,"Il disegno è uno dei bozzetti delle scene fatte in Faenza per le manifestazioni teatrali di S. Pietro del 1838, in particolare per lo spettacolo dell'Opera seria ""Ines de Castro"", musicata da Giuseppe Persiani. La scena si svolge nella Reggia di Coimbra, l'epoca risale al 1349. L'iscrizione, sul verso della tavola precedente, la descrive come atrio di una torre annessa alla Reggia di Coimbra, da un lato ferrea porta delle Prigioni.","Il disegno appartiene ad un album sciolto, composto da 228 tavole di cm. 22 x 15,5, con disegni a penna acquarellati in grigio; poiché alcune tavole comprendono diversi soggetti, i disegni sommano in totale a 275. I soggetti sono di genere teatrale, sia specificamente per melodrammi e commedie, sia per scene di genere: alcuni sono tratti da stampe ma finalizzati all'esercitazione su un repertorio di immagini e fonti per soggetti teatrali. Si fa eccezione per alcuni precisi nuclei di vedute: Recanati e dintorni (n. 2-9; 59-64), Brisighella (n. 72-94), Castel Bolognese e dintorni (n. 94-104). Le note di Liverani si riferiscono all'utilizzo di alcuni disegni per lavori realizzati tra il 1838 e il 1843.",donazione,Arnaldo Minardi,1932,,Comune di Faenza,https://bbcc.regione.emilia-romagna.it/pater/data/ravenna/lc-00112/lc-00112_01/218833-album2-tav39-r.jpg,https://bbcc.regione.emilia-romagna.it/pater/data/ravenna/lc-00112/lc-00112_02/218833-album2-tav39-v.jpg,1830,1840
231903,disegno,Ruderi del ponte di Faenza dopo la caduta visti dalle mura di S. Ippolito,Italia,Emilia-Romagna,RA,Faenza,Biblioteca Comunale Manfrediana,Disegni e acquerelli di Romolo Liverani - Repertorio 9,219570 Album 10 bis - tav. 5,Liverani Romolo,"41,5","54,8",cm.,carta/ matita,buono,Vistose lacune su entrambi i lati. Conservato ripiegato.,"Il ponte medievale a tre archi, che aveva sostituito in epoca imprecisata l'antico ponte romano sul fiume Lamone, era caratterizzato da due torri merlate: l'una posta sulla riva sinistra fungeva da porta della città, l'altra collocata sulla pila tra l'arco centrale e quello sulla sponda verso il Borgo d'Urbecco. Il complesso può farsi risalire ai secoli XIII e XIV e aveva subito vari restauri ed interventi. L'ultimo era stato quello del 1777 di G. Pistocchi che, oltre al selciato, aveva rifatto completamente i parapetti, delimitati alle testate, da larghe basi ovali. Negli anni immediatamente seguenti i tetti, che erano posti sopra i merli delle torri, furono rifatti al di sotto degli stessi. I numerosi disegni di Romolo Liverani, che l'ha ripreso da svariati punti di vista, ce ne hanno tramandato l'immagine fedele ed esauriente, sia del ponte nella sua interezza sia dei ruderi dopo il crollo. Il crollo fu dovuto ad una piena nel 1842, e lo stesso Liverani scrive: “14 settembre 1842, giorno fatale per la memorabile piena delle acque condotte nel fiume, di modoche era la fiumana superiore alle archate da 3 Metri e per due ore il ponte stesso chiuso, poi non potendo più reggere allo urto del acqua, sulle 10 e 3/4 della mattina cadde, rovinando la pilla dalla parte della città [...]","L'album al quale appartiene il presente disegno è slegato ed è costituito da 30 fogli con 51 disegni a matita, a penna, a penna acquarellata di formato diverso: nn. 1-3 di cm 27,2 x 21, nn. 3-4 di cm 35 x 26, nn. 5-14 di cm 54 x 41,5, nn. 15-40 di cm 27 x 21, n. 41 di cm 45 x 32, n. 42 di cm 27,5 x 21, n. 43 di cm 32 x 14, nn. 44-48 di cm 27,5 x 21, n. 49 di cm 26,5 x 40, n. 50 di cm 26,5 x 38,5, n. 51 di cm 42,5 x 27,5. Fu acquistato presso la libreria Tonini di Ravenna nel 1991 grazie al contributo della Banca del Monte e Cassa di risparmio di Faenza. Comprende vedute di Faenza e dintorni (Sarna, Ceparano, S. Mamante, Montefortino, Oriolo, Basiago, Rivalta, Castel Raniero, Marzeno) con date comprese tra il 1843 ed il 1866. Spiccano per particolare sensibilità grafica e scioltezza del ductus i disegni a matita (nn. 5-14) che documentano la rovina del ponte in seguito alla piena del Lamone e confermano le qualità di Romolo Liverani.",acquisto,Libreria Tonini,1985,Ravenna,Comune di Faenza,https://bbcc.regione.emilia-romagna.it/pater/data/ravenna/lc-00112/lc-00112_11/tav5-219570-album10bis-r.jpg,https://bbcc.regione.emilia-romagna.it/pater/data/ravenna/lc-00112/lc-00112_11/tav5-219570-album10bis-v.jpg,1843,1866
231906,disegno,Ruderi del ponte delle Torri di Faenza visti dal centro del fiume verso le colline,Italia,Emilia-Romagna,RA,Faenza,Biblioteca Comunale Manfrediana,Disegni e acquerelli di Romolo Liverani - Repertorio 9,219573 Album 10 bis - tav. 8,Liverani Romolo,"41,4","54,7",cm.,carta/ matita,buono,Lacune su entrambi i lati con interventi di velatura. Conservato ripiegato.,"Il ponte medievale a tre archi, che aveva sostituito in epoca imprecisata l'antico ponte romano sul fiume Lamone, era caratterizzato da due torri merlate: l'una posta sulla riva sinistra fungeva da porta della città, l'altra collocata sulla pila tra l'arco centrale e quello sulla sponda verso il Borgo d'Urbecco. Il complesso può farsi risalire ai secoli XIII e XIV e aveva subito vari restauri ed interventi. L'ultimo era stato quello del 1777 di G. Pistocchi che, oltre al selciato, aveva rifatto completamente i parapetti, delimitati alle testate, da larghe basi ovali. Negli anni immediatamente seguenti i tetti, che erano posti sopra i merli delle torri, furono rifatti al di sotto degli stessi. I numerosi disegni di Romolo Liverani, che l'ha ripreso da svariati punti di vista, ce ne hanno tramandato l'immagine fedele ed esauriente, sia del ponte nella sua interezza sia dei ruderi dopo il crollo. Il crollo fu dovuto ad una piena nel 1842, e lo stesso Liverani scrive: “14 settembre 1842, giorno fatale per la memorabile piena delle acque condotte nel fiume, di modoche era la fiumana superiore alle archate da 3 Metri e per due ore il ponte stesso chiuso, poi non potendo più reggere allo urto del acqua, sulle 10 e 3/4 della mattina cadde, rovinando la pilla dalla parte della città [...]","L'album al quale appartiene il presente disegno è slegato ed è costituito da 30 fogli con 51 disegni a matita, a penna, a penna acquarellata di formato diverso: nn. 1-3 di cm 27,2 x 21, nn. 3-4 di cm 35 x 26, nn. 5-14 di cm 54 x 41,5, nn. 15-40 di cm 27 x 21, n. 41 di cm 45 x 32, n. 42 di cm 27,5 x 21, n. 43 di cm 32 x 14, nn. 44-48 di cm 27,5 x 21, n. 49 di cm 26,5 x 40, n. 50 di cm 26,5 x 38,5, n. 51 di cm 42,5 x 27,5. Fu acquistato presso la libreria Tonini di Ravenna nel 1991 grazie al contributo della Banca del Monte e Cassa di risparmio di Faenza. Comprende vedute di Faenza e dintorni (Sarna, Ceparano, S. Mamante, Montefortino, Oriolo, Basiago, Rivalta, Castel Raniero, Marzeno) con date comprese tra il 1843 ed il 1866. Spiccano per particolare sensibilità grafica e scioltezza del ductus i disegni a matita (nn. 5-14) che documentano la rovina del ponte in seguito alla piena del Lamone e confermano le qualità di Romolo Liverani.",acquisto,Libreria Tonini,1985,Ravenna,Comune di Faenza,https://bbcc.regione.emilia-romagna.it/pater/data/ravenna/lc-00112/lc-00112_11/tav8-219573-album10bis-r.jpg,https://bbcc.regione.emilia-romagna.it/pater/data/ravenna/lc-00112/lc-00112_11/tav8-219573-album10bis-v.jpg,1843,1866
231907,disegno,Ruderi del ponte delle Torri di Faenza visti dal centro del fiume verso valle,Italia,Emilia-Romagna,RA,Faenza,Biblioteca Comunale Manfrediana,Disegni e acquerelli di Romolo Liverani - Repertorio 9,219574 Album 10 bis - tav. 9,Liverani Romolo,"41,4","54,5",cm.,carta/ matita,buono,Lacune su entrambi i lati con interventi di velatura. Conservato ripiegato.,"Il ponte medievale a tre archi, che aveva sostituito in epoca imprecisata l'antico ponte romano sul fiume Lamone, era caratterizzato da due torri merlate: l'una posta sulla riva sinistra fungeva da porta della città, l'altra collocata sulla pila tra l'arco centrale e quello sulla sponda verso il Borgo d'Urbecco. Il complesso può farsi risalire ai secoli XIII e XIV e aveva subito vari restauri ed interventi. L'ultimo era stato quello del 1777 di G. Pistocchi che, oltre al selciato, aveva rifatto completamente i parapetti, delimitati alle testate, da larghe basi ovali. Negli anni immediatamente seguenti i tetti, che erano posti sopra i merli delle torri, furono rifatti al di sotto degli stessi. I numerosi disegni di Romolo Liverani, che l'ha ripreso da svariati punti di vista, ce ne hanno tramandato l'immagine fedele ed esauriente, sia del ponte nella sua interezza sia dei ruderi dopo il crollo. Il crollo fu dovuto ad una piena nel 1842, e lo stesso Liverani scrive: “14 settembre 1842, giorno fatale per la memorabile piena delle acque condotte nel fiume, di modoche era la fiumana superiore alle archate da 3 Metri e per due ore il ponte stesso chiuso, poi non potendo più reggere allo urto del acqua, sulle 10 e 3/4 della mattina cadde, rovinando la pilla dalla parte della città [...]","L'album al quale appartiene il presente disegno è slegato ed è costituito da 30 fogli con 51 disegni a matita, a penna, a penna acquarellata di formato diverso: nn. 1-3 di cm 27,2 x 21, nn. 3-4 di cm 35 x 26, nn. 5-14 di cm 54 x 41,5, nn. 15-40 di cm 27 x 21, n. 41 di cm 45 x 32, n. 42 di cm 27,5 x 21, n. 43 di cm 32 x 14, nn. 44-48 di cm 27,5 x 21, n. 49 di cm 26,5 x 40, n. 50 di cm 26,5 x 38,5, n. 51 di cm 42,5 x 27,5. Fu acquistato presso la libreria Tonini di Ravenna nel 1991 grazie al contributo della Banca del Monte e Cassa di risparmio di Faenza. Comprende vedute di Faenza e dintorni (Sarna, Ceparano, S. Mamante, Montefortino, Oriolo, Basiago, Rivalta, Castel Raniero, Marzeno) con date comprese tra il 1843 ed il 1866. Spiccano per particolare sensibilità grafica e scioltezza del ductus i disegni a matita (nn. 5-14) che documentano la rovina del ponte in seguito alla piena del Lamone e confermano le qualità di Romolo Liverani.",acquisto,Libreria Tonini,1985,Ravenna,Comune di Faenza,https://bbcc.regione.emilia-romagna.it/pater/data/ravenna/lc-00112/lc-00112_11/tav9-219574-album10bis-r.jpg,https://bbcc.regione.emilia-romagna.it/pater/data/ravenna/lc-00112/lc-00112_11/tav9-219574-album10bis-v.jpg,1843,1866
231938,disegno,Ruderi del ponte delle Torri di Faenza visti dal borgo Durbecco,Italia,Emilia-Romagna,RA,Faenza,Biblioteca Comunale Manfrediana,Disegni e acquerelli di Romolo Liverani - Repertorio 9,219576 Album 10 bis - tav. 11,Liverani Romolo,"41,5","54,8",cm.,carta/ matita,buono,Lacune su entrambi i lati con interventi di velatura. Conservato ripiegato.,"Il ponte medievale a tre archi, che aveva sostituito in epoca imprecisata l'antico ponte romano sul fiume Lamone, era caratterizzato da due torri merlate: l'una posta sulla riva sinistra fungeva da porta della città, l'altra collocata sulla pila tra l'arco centrale e quello sulla sponda verso il Borgo d'Urbecco. Il complesso può farsi risalire ai secoli XIII e XIV e aveva subito vari restauri ed interventi. L'ultimo era stato quello del 1777 di G. Pistocchi che, oltre al selciato, aveva rifatto completamente i parapetti, delimitati alle testate, da larghe basi ovali. Negli anni immediatamente seguenti i tetti, che erano posti sopra i merli delle torri, furono rifatti al di sotto degli stessi. I numerosi disegni di Romolo Liverani, che l'ha ripreso da svariati punti di vista, ce ne hanno tramandato l'immagine fedele ed esauriente, sia del ponte nella sua interezza sia dei ruderi dopo il crollo. Il crollo fu dovuto ad una piena nel 1842, e lo stesso Liverani scrive: “14 settembre 1842, giorno fatale per la memorabile piena delle acque condotte nel fiume, di modoche era la fiumana superiore alle archate da 3 Metri e per due ore il ponte stesso chiuso, poi non potendo più reggere allo urto del acqua, sulle 10 e 3/4 della mattina cadde, rovinando la pilla dalla parte della città [...]","L'album al quale appartiene il presente disegno è slegato ed è costituito da 30 fogli con 51 disegni a matita, a penna, a penna acquarellata di formato diverso: nn. 1-3 di cm 27,2 x 21, nn. 3-4 di cm 35 x 26, nn. 5-14 di cm 54 x 41,5, nn. 15-40 di cm 27 x 21, n. 41 di cm 45 x 32, n. 42 di cm 27,5 x 21, n. 43 di cm 32 x 14, nn. 44-48 di cm 27,5 x 21, n. 49 di cm 26,5 x 40, n. 50 di cm 26,5 x 38,5, n. 51 di cm 42,5 x 27,5. Fu acquistato presso la libreria Tonini di Ravenna nel 1991 grazie al contributo della Banca del Monte e Cassa di risparmio di Faenza. Comprende vedute di Faenza e dintorni (Sarna, Ceparano, S. Mamante, Montefortino, Oriolo, Basiago, Rivalta, Castel Raniero, Marzeno) con date comprese tra il 1843 ed il 1866. Spiccano per particolare sensibilità grafica e scioltezza del ductus i disegni a matita (nn. 5-14) che documentano la rovina del ponte in seguito alla piena del Lamone e confermano le qualità di Romolo Liverani.",acquisto,Libreria Tonini,1985,Ravenna,Comune di Faenza,https://bbcc.regione.emilia-romagna.it/pater/data/ravenna/lc-00112/lc-00112_11/tav11-219576-album10bis-r.jpg,https://bbcc.regione.emilia-romagna.it/pater/data/ravenna/lc-00112/lc-00112_11/tav11-219576-album10bis-v.jpg,1843,1866
231972,disegno,"Altra veduta interna del convento di San Maglorio con il lavatoio, Faenza",Italia,Emilia-Romagna,RA,Faenza,Biblioteca Comunale Manfrediana,Disegni e acquerelli di Romolo Liverani - Repertorio 9,219587 Album 10 bis - tav. 22,Liverani Romolo,21,"27,5",cm.,carta/ china acquerellata,buono,Lacune sul lato destro con interventi di velatura. Conservato unito alla tavola 23 in quanto appartenente allo stesso bifolio.,"L'iscrizione relativa a questo disegno si trova sulla tavola precedente e lo definisce: altra veduta interna nel monastero di S. Maglorio, il lavatoio. Il verso reca uno schizzo a matita e china di una pianta di edificio, forse il convento di San Maglorio.","L'album al quale appartiene il presente disegno è slegato ed è costituito da 30 fogli con 51 disegni a matita, a penna, a penna acquarellata di formato diverso: nn. 1-3 di cm 27,2 x 21, nn. 3-4 di cm 35 x 26, nn. 5-14 di cm 54 x 41,5, nn. 15-40 di cm 27 x 21, n. 41 di cm 45 x 32, n. 42 di cm 27,5 x 21, n. 43 di cm 32 x 14, nn. 44-48 di cm 27,5 x 21, n. 49 di cm 26,5 x 40, n. 50 di cm 26,5 x 38,5, n. 51 di cm 42,5 x 27,5. Fu acquistato presso la libreria Tonini di Ravenna nel 1991 grazie al contributo della Banca del Monte e Cassa di risparmio di Faenza. Comprende vedute di Faenza e dintorni (Sarna, Ceparano, S. Mamante, Montefortino, Oriolo, Basiago, Rivalta, Castel Raniero, Marzeno) con date comprese tra il 1843 ed il 1866. Spiccano per particolare sensibilità grafica e scioltezza del ductus i disegni a matita (nn. 5-14) che documentano la rovina del ponte in seguito alla piena del Lamone e confermano le qualità di Romolo Liverani.",acquisto,Libreria Tonini,1985,Ravenna,Comune di Faenza,https://bbcc.regione.emilia-romagna.it/pater/data/ravenna/lc-00112/lc-00112_11/tav22-219587-album10bis-r.jpg,https://bbcc.regione.emilia-romagna.it/pater/data/ravenna/lc-00112/lc-00112_11/tav22-219587-album10bis-v.jpg,1843,1866
231973,disegno,"Veduta del porticato terreno del monastero di San Maglorio con vista di San Domenico, Faenza",Italia,Emilia-Romagna,RA,Faenza,Biblioteca Comunale Manfrediana,Disegni e acquerelli di Romolo Liverani - Repertorio 9,219588 Album 10 bis - tav. 23,Liverani Romolo,21,"27,5",cm.,carta/ china acquerellata,buono,Lacune sul lato destro con interventi di velatura. Conservato unito alla tavola 22 in quanto appartenente allo stesso bifolio.,L'iscrizione relativa a questo disegno si trova sulla tavola precedente e lo definisce: altra veduta interna nel monastero di S. Maglorio. Porticato terreno che sorregge i cameri[ni?] della biancheria con vista orto e frutti come nel 1856.,"L'album al quale appartiene il presente disegno è slegato ed è costituito da 30 fogli con 51 disegni a matita, a penna, a penna acquarellata di formato diverso: nn. 1-3 di cm 27,2 x 21, nn. 3-4 di cm 35 x 26, nn. 5-14 di cm 54 x 41,5, nn. 15-40 di cm 27 x 21, n. 41 di cm 45 x 32, n. 42 di cm 27,5 x 21, n. 43 di cm 32 x 14, nn. 44-48 di cm 27,5 x 21, n. 49 di cm 26,5 x 40, n. 50 di cm 26,5 x 38,5, n. 51 di cm 42,5 x 27,5. Fu acquistato presso la libreria Tonini di Ravenna nel 1991 grazie al contributo della Banca del Monte e Cassa di risparmio di Faenza. Comprende vedute di Faenza e dintorni (Sarna, Ceparano, S. Mamante, Montefortino, Oriolo, Basiago, Rivalta, Castel Raniero, Marzeno) con date comprese tra il 1843 ed il 1866. Spiccano per particolare sensibilità grafica e scioltezza del ductus i disegni a matita (nn. 5-14) che documentano la rovina del ponte in seguito alla piena del Lamone e confermano le qualità di Romolo Liverani.",acquisto,Libreria Tonini,1985,Ravenna,Comune di Faenza,https://bbcc.regione.emilia-romagna.it/pater/data/ravenna/lc-00112/lc-00112_11/tav23-219588-album10bis-r.jpg,https://bbcc.regione.emilia-romagna.it/pater/data/ravenna/lc-00112/lc-00112_11/tav23-219588-album10bis-v.jpg,1843,1866
231978,disegno,"Cortile del pozzo del monastero di San Maglorio, Faenza",Italia,Emilia-Romagna,RA,Faenza,Biblioteca Comunale Manfrediana,Disegni e acquerelli di Romolo Liverani - Repertorio 9,219590 Album 10 bis - tav. 25,Liverani Romolo,21,"27,5",cm.,carta/ china acquerellata,buono,Lacune sul lato destro con interventi di velatura. Conservato unito alla tavola 28 in quanto appartenente allo stesso bifolio.,L'iscrizione relativa a questo disegno si trova sulla tavola precedente.,"L'album al quale appartiene il presente disegno è slegato ed è costituito da 30 fogli con 51 disegni a matita, a penna, a penna acquarellata di formato diverso: nn. 1-3 di cm 27,2 x 21, nn. 3-4 di cm 35 x 26, nn. 5-14 di cm 54 x 41,5, nn. 15-40 di cm 27 x 21, n. 41 di cm 45 x 32, n. 42 di cm 27,5 x 21, n. 43 di cm 32 x 14, nn. 44-48 di cm 27,5 x 21, n. 49 di cm 26,5 x 40, n. 50 di cm 26,5 x 38,5, n. 51 di cm 42,5 x 27,5. Fu acquistato presso la libreria Tonini di Ravenna nel 1991 grazie al contributo della Banca del Monte e Cassa di risparmio di Faenza. Comprende vedute di Faenza e dintorni (Sarna, Ceparano, S. Mamante, Montefortino, Oriolo, Basiago, Rivalta, Castel Raniero, Marzeno) con date comprese tra il 1843 ed il 1866. Spiccano per particolare sensibilità grafica e scioltezza del ductus i disegni a matita (nn. 5-14) che documentano la rovina del ponte in seguito alla piena del Lamone e confermano le qualità di Romolo Liverani.",acquisto,Libreria Tonini,1985,Ravenna,Comune di Faenza,https://bbcc.regione.emilia-romagna.it/pater/data/ravenna/lc-00112/lc-00112_11/tav25-219590-album10bis-r.jpg,https://bbcc.regione.emilia-romagna.it/pater/data/ravenna/lc-00112/lc-00112_11/tav25-219590-album10bis-v.jpg,1843,1866
231979,disegno,"Mura del Carmine di Faenza, strada che mette al ponte sul fiume Lamone",Italia,Emilia-Romagna,RA,Faenza,Biblioteca Comunale Manfrediana,Disegni e acquerelli di Romolo Liverani - Repertorio 9,219591 Album 10 bis - tav. 26,Liverani Romolo,21,"27,5",cm.,carta/ china acquerellata,buono,Lacune sul lato destro con interventi di velatura. Conservato unito alla tavola 27 in quanto appartenente allo stesso bifolio.,L'iscrizione relativa a questo disegno si trova sulla tavola precedente e lo definisce : strada sotto le mura del Carmine che mette al ponte sul fiume Lamone.,"L'album al quale appartiene il presente disegno è slegato ed è costituito da 30 fogli con 51 disegni a matita, a penna, a penna acquarellata di formato diverso: nn. 1-3 di cm 27,2 x 21, nn. 3-4 di cm 35 x 26, nn. 5-14 di cm 54 x 41,5, nn. 15-40 di cm 27 x 21, n. 41 di cm 45 x 32, n. 42 di cm 27,5 x 21, n. 43 di cm 32 x 14, nn. 44-48 di cm 27,5 x 21, n. 49 di cm 26,5 x 40, n. 50 di cm 26,5 x 38,5, n. 51 di cm 42,5 x 27,5. Fu acquistato presso la libreria Tonini di Ravenna nel 1991 grazie al contributo della Banca del Monte e Cassa di risparmio di Faenza. Comprende vedute di Faenza e dintorni (Sarna, Ceparano, S. Mamante, Montefortino, Oriolo, Basiago, Rivalta, Castel Raniero, Marzeno) con date comprese tra il 1843 ed il 1866. Spiccano per particolare sensibilità grafica e scioltezza del ductus i disegni a matita (nn. 5-14) che documentano la rovina del ponte in seguito alla piena del Lamone e confermano le qualità di Romolo Liverani.",acquisto,Libreria Tonini,1985,Ravenna,Comune di Faenza,https://bbcc.regione.emilia-romagna.it/pater/data/ravenna/lc-00112/lc-00112_11/tav26-219591-album10bis-r.jpg,https://bbcc.regione.emilia-romagna.it/pater/data/ravenna/lc-00112/lc-00112_11/tav26-219591-album10bis-v.jpg,1843,1866
231997,disegno,Cimitero di Faenza con vista della nuova facciata della chiesa,Italia,Emilia-Romagna,RA,Faenza,Biblioteca Comunale Manfrediana,Disegni e acquerelli di Romolo Liverani - Repertorio 9,219596 Album 10 bis - tav. 31,Liverani Romolo,21,"27,5",cm.,carta/ china acquerellata,buono,Lacune sul lato destro con interventi di velatura. Conservato unito alla tavola 30 in quanto appartenente allo stesso bifolio.,"L'iscrizione relativa a questo disegno si trova sulla tavola precedente e lo definisce: cimitero di Faenza, con vista della nuova facciata della chiesa dell'Osservanza, eretta nel 1854 come è nel 1866.","L'album al quale appartiene il presente disegno è slegato ed è costituito da 30 fogli con 51 disegni a matita, a penna, a penna acquarellata di formato diverso: nn. 1-3 di cm 27,2 x 21, nn. 3-4 di cm 35 x 26, nn. 5-14 di cm 54 x 41,5, nn. 15-40 di cm 27 x 21, n. 41 di cm 45 x 32, n. 42 di cm 27,5 x 21, n. 43 di cm 32 x 14, nn. 44-48 di cm 27,5 x 21, n. 49 di cm 26,5 x 40, n. 50 di cm 26,5 x 38,5, n. 51 di cm 42,5 x 27,5. Fu acquistato presso la libreria Tonini di Ravenna nel 1991 grazie al contributo della Banca del Monte e Cassa di risparmio di Faenza. Comprende vedute di Faenza e dintorni (Sarna, Ceparano, S. Mamante, Montefortino, Oriolo, Basiago, Rivalta, Castel Raniero, Marzeno) con date comprese tra il 1843 ed il 1866. Spiccano per particolare sensibilità grafica e scioltezza del ductus i disegni a matita (nn. 5-14) che documentano la rovina del ponte in seguito alla piena del Lamone e confermano le qualità di Romolo Liverani.",acquisto,Libreria Tonini,1985,Ravenna,Comune di Faenza,https://bbcc.regione.emilia-romagna.it/pater/data/ravenna/lc-00112/lc-00112_11/tav31-219596-album10bis-r.jpg,https://bbcc.regione.emilia-romagna.it/pater/data/ravenna/lc-00112/lc-00112_11/tav31-219596-album10bis-v.jpg,1843,1866
231998,disegno,Facciata della chiesa del cimitero dell'Osservanza,Italia,Emilia-Romagna,RA,Faenza,Biblioteca Comunale Manfrediana,Disegni e acquerelli di Romolo Liverani - Repertorio 9,219597 Album 10 bis - tav. 32,Liverani Romolo,21,"27,5",cm.,carta/ china acquerellata,buono,Lacune sul lato destro con interventi di velatura. Conservato unito alla tavola 32 in quanto appartenente allo stesso bifolio.,"L'iscrizione relativa a questo disegno si trova sulla tavola precedente e lo definisce: nuova facciata della chiesa dell'Osservanza barbaramente fatta nel 1854, come si presenta nel 1866.","L'album al quale appartiene il presente disegno è slegato ed è costituito da 30 fogli con 51 disegni a matita, a penna, a penna acquarellata di formato diverso: nn. 1-3 di cm 27,2 x 21, nn. 3-4 di cm 35 x 26, nn. 5-14 di cm 54 x 41,5, nn. 15-40 di cm 27 x 21, n. 41 di cm 45 x 32, n. 42 di cm 27,5 x 21, n. 43 di cm 32 x 14, nn. 44-48 di cm 27,5 x 21, n. 49 di cm 26,5 x 40, n. 50 di cm 26,5 x 38,5, n. 51 di cm 42,5 x 27,5. Fu acquistato presso la libreria Tonini di Ravenna nel 1991 grazie al contributo della Banca del Monte e Cassa di risparmio di Faenza. Comprende vedute di Faenza e dintorni (Sarna, Ceparano, S. Mamante, Montefortino, Oriolo, Basiago, Rivalta, Castel Raniero, Marzeno) con date comprese tra il 1843 ed il 1866. Spiccano per particolare sensibilità grafica e scioltezza del ductus i disegni a matita (nn. 5-14) che documentano la rovina del ponte in seguito alla piena del Lamone e confermano le qualità di Romolo Liverani.",acquisto,Libreria Tonini,1985,Ravenna,Comune di Faenza,https://bbcc.regione.emilia-romagna.it/pater/data/ravenna/lc-00112/lc-00112_11/tav32-219597-album10bis-r.jpg,https://bbcc.regione.emilia-romagna.it/pater/data/ravenna/lc-00112/lc-00112_11/tav32-219597-album10bis-v.jpg,1843,1866
232002,disegno,"Strada dietro al teatro con vista dei portici, Faenza",Italia,Emilia-Romagna,RA,Faenza,Biblioteca Comunale Manfrediana,Disegni e acquerelli di Romolo Liverani - Repertorio 9,219598 Album 10 bis - tav. 33,Liverani Romolo,"29,3","43,5",cm.,carta/ matita/ china acquerellata,buono,Lacune integrate con interventi di velatura lungo la piegatura verticale. Conservato ripiegato.,"L'iscrizione relativa a questo disegno si trova sulla tavola precedente e lo definisce: strada dietro al teatro, con vista dei portici: Nicolucci, Zanfini, Severoli e Biancoli. Fatta memoria prima dell'abbattimento di quelli di casa Nicolucci che fu alla metà di maggio 1866. Passati in proprietà ai Liverani di Brisighella, disegnati e progettati da Giuseppe; nel giro di qualche anno sarebbero stati demoliti i restanti.","L'album al quale appartiene il presente disegno è slegato ed è costituito da 30 fogli con 51 disegni a matita, a penna, a penna acquarellata di formato diverso: nn. 1-3 di cm 27,2 x 21, nn. 3-4 di cm 35 x 26, nn. 5-14 di cm 54 x 41,5, nn. 15-40 di cm 27 x 21, n. 41 di cm 45 x 32, n. 42 di cm 27,5 x 21, n. 43 di cm 32 x 14, nn. 44-48 di cm 27,5 x 21, n. 49 di cm 26,5 x 40, n. 50 di cm 26,5 x 38,5, n. 51 di cm 42,5 x 27,5. Fu acquistato presso la libreria Tonini di Ravenna nel 1991 grazie al contributo della Banca del Monte e Cassa di risparmio di Faenza. Comprende vedute di Faenza e dintorni (Sarna, Ceparano, S. Mamante, Montefortino, Oriolo, Basiago, Rivalta, Castel Raniero, Marzeno) con date comprese tra il 1843 ed il 1866. Spiccano per particolare sensibilità grafica e scioltezza del ductus i disegni a matita (nn. 5-14) che documentano la rovina del ponte in seguito alla piena del Lamone e confermano le qualità di Romolo Liverani.",acquisto,Libreria Tonini,1985,Ravenna,Comune di Faenza,https://bbcc.regione.emilia-romagna.it/pater/data/ravenna/lc-00112/lc-00112_11/tav33-219598-album10bis-r.jpg,https://bbcc.regione.emilia-romagna.it/pater/data/ravenna/lc-00112/lc-00112_11/tav33-219598-album10bis-v.jpg,1843,1866
232004,disegno,"Ponte Rosso sul fiume Lamone, Faenza",Italia,Emilia-Romagna,RA,Faenza,Biblioteca Comunale Manfrediana,Disegni e acquerelli di Romolo Liverani ,219600 Album 10 bis - tav. 35,Liverani Romolo,21,"27,4",cm.,carta/ matita/ china acquerellata,buono,Lacune lungo il margine destro con interventi di velatura. Conservato unito alla tavola 34 in quanto appartenente allo stesso bifolio.,"L'iscrizione relativa a questo disegno si trova sulla tavola precedente e lo definisce: Ponte Rosso sul fiume Lamone nel luogo ove ne esisteva uno di legno. Finito di costruire nel 1864 fuori da porta Montanara per andare a Modigliana, agosto 1866. Il verso reca anche schizzi a china di capitelli, colonne ed archi delle case Caldesi disegnate nella tavola successiva, accompagnati dalla seguente iscrizione: nei cappitelli [capitelli] / c'è uno stemma / ma non quello / dei Manfredi.","L'album al quale appartiene il presente disegno è slegato ed è costituito da 30 fogli con 51 disegni a matita, a penna, a penna acquarellata di formato diverso: nn. 1-3 di cm 27,2 x 21, nn. 3-4 di cm 35 x 26, nn. 5-14 di cm 54 x 41,5, nn. 15-40 di cm 27 x 21, n. 41 di cm 45 x 32, n. 42 di cm 27,5 x 21, n. 43 di cm 32 x 14, nn. 44-48 di cm 27,5 x 21, n. 49 di cm 26,5 x 40, n. 50 di cm 26,5 x 38,5, n. 51 di cm 42,5 x 27,5. Fu acquistato presso la libreria Tonini di Ravenna nel 1991 grazie al contributo della Banca del Monte e Cassa di risparmio di Faenza. Comprende vedute di Faenza e dintorni (Sarna, Ceparano, S. Mamante, Montefortino, Oriolo, Basiago, Rivalta, Castel Raniero, Marzeno) con date comprese tra il 1843 ed il 1866. Spiccano per particolare sensibilità grafica e scioltezza del ductus i disegni a matita (nn. 5-14) che documentano la rovina del ponte in seguito alla piena del Lamone e confermano le qualità di Romolo Liverani.",acquisto,Libreria Tonini,1985,Ravenna,Comune di Faenza,https://bbcc.regione.emilia-romagna.it/pater/data/ravenna/lc-00112/lc-00112_11/tav35-219600-album10bis-r.jpg,https://bbcc.regione.emilia-romagna.it/pater/data/ravenna/lc-00112/lc-00112_11/tav35-219600-album10bis-v.jpg,1843,1866
232005,disegno,"Cortile delle case manfrediane, Faenza",Italia,Emilia-Romagna,RA,Faenza,Biblioteca Comunale Manfrediana,Disegni e acquerelli di Romolo Liverani ,219601 Album 10 bis - tav. 36,Liverani Romolo,21,"27,4",cm.,carta/ matita/ china acquerellata,buono,Lacune lungo il margine destro con interventi di velatura. Conservato ripiegato lungo il lato superiore.,"L'iscrizione relativa a questo disegno si trova sulla tavola precedente e lo definisce: 	Cortile nella casa Manfredi, Principi di Faenza, ora di ragione dei fratelli Vincenzo e Leonida Caldesi di Clemente, agosto 1866. Il verso della tavola precedente reca anche  schizzi a china di capitelli, colonne ed archi delle case manfrediane, appunto, accompagnati dalla seguente iscrizione: nei cappitelli [capitelli] / c'è uno stemma / ma non quello / dei Manfredi.
L'iscrizione presente nella parte superiore del disegno, invece, si riferisce alla tavola 34.","L'album al quale appartiene il presente disegno è slegato ed è costituito da 30 fogli con 51 disegni a matita, a penna, a penna acquarellata di formato diverso: nn. 1-3 di cm 27,2 x 21, nn. 3-4 di cm 35 x 26, nn. 5-14 di cm 54 x 41,5, nn. 15-40 di cm 27 x 21, n. 41 di cm 45 x 32, n. 42 di cm 27,5 x 21, n. 43 di cm 32 x 14, nn. 44-48 di cm 27,5 x 21, n. 49 di cm 26,5 x 40, n. 50 di cm 26,5 x 38,5, n. 51 di cm 42,5 x 27,5. Fu acquistato presso la libreria Tonini di Ravenna nel 1991 grazie al contributo della Banca del Monte e Cassa di risparmio di Faenza. Comprende vedute di Faenza e dintorni (Sarna, Ceparano, S. Mamante, Montefortino, Oriolo, Basiago, Rivalta, Castel Raniero, Marzeno) con date comprese tra il 1843 ed il 1866. Spiccano per particolare sensibilità grafica e scioltezza del ductus i disegni a matita (nn. 5-14) che documentano la rovina del ponte in seguito alla piena del Lamone e confermano le qualità di Romolo Liverani.",acquisto,Libreria Tonini,1985,Ravenna,Comune di Faenza,https://bbcc.regione.emilia-romagna.it/pater/data/ravenna/lc-00112/lc-00112_11/tav36-219601-album10bis-r.jpg,https://bbcc.regione.emilia-romagna.it/pater/data/ravenna/lc-00112/lc-00112_11/tav36-219601-album10bis-v.jpg,1843,1866
232023,disegno,"Cimitero della chiesa arcipretale di Sarna, Faenza",Italia,Emilia-Romagna,RA,Faenza,Biblioteca Comunale Manfrediana,Disegni e acquerelli di Romolo Liverani ,219602 Album 10 bis - tav. 37,Liverani Romolo,21,"27,4",cm.,carta/ matita/ china acquerellata,buono,Lacune lungo il margine destro con interventi di velatura. Conservato unito alla tavola 40 in quanto appartenente allo stesso bifolio.,L'iscrizione relativa a questo disegno si trova sulla tavola precedente e lo definisce: Cimitero della arcipretale di Sarna ove provvisoriamente venne sepolto il conte Antonio Gessi morto presso il suo casino in Sarna la notte del 2 ottobre 1864.,"L'album al quale appartiene il presente disegno è slegato ed è costituito da 30 fogli con 51 disegni a matita, a penna, a penna acquarellata di formato diverso: nn. 1-3 di cm 27,2 x 21, nn. 3-4 di cm 35 x 26, nn. 5-14 di cm 54 x 41,5, nn. 15-40 di cm 27 x 21, n. 41 di cm 45 x 32, n. 42 di cm 27,5 x 21, n. 43 di cm 32 x 14, nn. 44-48 di cm 27,5 x 21, n. 49 di cm 26,5 x 40, n. 50 di cm 26,5 x 38,5, n. 51 di cm 42,5 x 27,5. Fu acquistato presso la libreria Tonini di Ravenna nel 1991 grazie al contributo della Banca del Monte e Cassa di risparmio di Faenza. Comprende vedute di Faenza e dintorni (Sarna, Ceparano, S. Mamante, Montefortino, Oriolo, Basiago, Rivalta, Castel Raniero, Marzeno) con date comprese tra il 1843 ed il 1866. Spiccano per particolare sensibilità grafica e scioltezza del ductus i disegni a matita (nn. 5-14) che documentano la rovina del ponte in seguito alla piena del Lamone e confermano le qualità di Romolo Liverani.",acquisto,Libreria Tonini,1985,Ravenna,Comune di Faenza,https://bbcc.regione.emilia-romagna.it/pater/data/ravenna/lc-00112/lc-00112_11/tav37-219602-album10bis-r.jpg,https://bbcc.regione.emilia-romagna.it/pater/data/ravenna/lc-00112/lc-00112_11/tav37-219602-album10bis-v.jpg,1843,1866
232034,disegno,"Chiesa di San Giorgio fuori la porta delle Chiavi del Borgo Durbecco, Faenza",Italia,Emilia-Romagna,RA,Faenza,Biblioteca Comunale Manfrediana,Disegni e acquerelli di Romolo Liverani ,219604 Album 10 bis - tav. 39,Liverani Romolo,21,"27,4",cm.,carta/ matita/ china acquerellata,buono,Lacune lungo il margine destro con interventi di velatura. Conservato unito alla tavola 38 in quanto appartenente allo stesso bifolio.,"L'iscrizione relativa a questo disegno si trova sulla tavola precedente e lo definisce: San Giorgio fuori la Porta delle Chiavi del Borgo Durbecco di Faenza prima del 1889; era abitato dai frati del Riscatto poi dal signor Emiliani detto Finzino, infine dalle monache di Fognano; qui ripreso nel 1866. La fabbrica alla sinistra era l'abitazione, quella a destra di chi entra era adibita a bassi comodi ed edificio rurale.","L'album al quale appartiene il presente disegno è slegato ed è costituito da 30 fogli con 51 disegni a matita, a penna, a penna acquarellata di formato diverso: nn. 1-3 di cm 27,2 x 21, nn. 3-4 di cm 35 x 26, nn. 5-14 di cm 54 x 41,5, nn. 15-40 di cm 27 x 21, n. 41 di cm 45 x 32, n. 42 di cm 27,5 x 21, n. 43 di cm 32 x 14, nn. 44-48 di cm 27,5 x 21, n. 49 di cm 26,5 x 40, n. 50 di cm 26,5 x 38,5, n. 51 di cm 42,5 x 27,5. Fu acquistato presso la libreria Tonini di Ravenna nel 1991 grazie al contributo della Banca del Monte e Cassa di risparmio di Faenza. Comprende vedute di Faenza e dintorni (Sarna, Ceparano, S. Mamante, Montefortino, Oriolo, Basiago, Rivalta, Castel Raniero, Marzeno) con date comprese tra il 1843 ed il 1866. Spiccano per particolare sensibilità grafica e scioltezza del ductus i disegni a matita (nn. 5-14) che documentano la rovina del ponte in seguito alla piena del Lamone e confermano le qualità di Romolo Liverani.",acquisto,Libreria Tonini,1985,Ravenna,Comune di Faenza,https://bbcc.regione.emilia-romagna.it/pater/data/ravenna/lc-00112/lc-00112_11/tav39-219604-album10bis-r.jpg,https://bbcc.regione.emilia-romagna.it/pater/data/ravenna/lc-00112/lc-00112_11/tav39-219604-album10bis-v.jpg,1843,1866
232038,disegno,"Veduta notturna del cortile e retro dell'osteria della Pagnocca, Faenza",Italia,Emilia-Romagna,RA,Faenza,Biblioteca Comunale Manfrediana,Disegni e acquerelli di Romolo Liverani ,219606 Album 10 bis - tav. 41,Liverani Romolo,32,"45,4",cm.,carta/ matita/ china acquerellata,buono,Lacune lungo la piegatura verticale integrate con interventi di velatura. Conservato ripiegato.,"L'iscrizione relativa a questo disegno si trova sulla tavola precedente e lo definisce: cortile della casa della parrocchia di S. Croce della Commenda come si trova nel 1866, ora osteria della Pagnocca.","L'album al quale appartiene il presente disegno è slegato ed è costituito da 30 fogli con 51 disegni a matita, a penna, a penna acquarellata di formato diverso: nn. 1-3 di cm 27,2 x 21, nn. 3-4 di cm 35 x 26, nn. 5-14 di cm 54 x 41,5, nn. 15-40 di cm 27 x 21, n. 41 di cm 45 x 32, n. 42 di cm 27,5 x 21, n. 43 di cm 32 x 14, nn. 44-48 di cm 27,5 x 21, n. 49 di cm 26,5 x 40, n. 50 di cm 26,5 x 38,5, n. 51 di cm 42,5 x 27,5. Fu acquistato presso la libreria Tonini di Ravenna nel 1991 grazie al contributo della Banca del Monte e Cassa di risparmio di Faenza. Comprende vedute di Faenza e dintorni (Sarna, Ceparano, S. Mamante, Montefortino, Oriolo, Basiago, Rivalta, Castel Raniero, Marzeno) con date comprese tra il 1843 ed il 1866. Spiccano per particolare sensibilità grafica e scioltezza del ductus i disegni a matita (nn. 5-14) che documentano la rovina del ponte in seguito alla piena del Lamone e confermano le qualità di Romolo Liverani.",acquisto,Libreria Tonini,1985,Ravenna,Comune di Faenza,https://bbcc.regione.emilia-romagna.it/pater/data/ravenna/lc-00112/lc-00112_11/tav41-219606-album10bis-r.jpg,https://bbcc.regione.emilia-romagna.it/pater/data/ravenna/lc-00112/lc-00112_11/tav41-219606-album10bis-v.jpg,1843,1866
232049,disegno,"Cortiletto nella casa dei signori Zauli Naldi detta Casa Vecchia, Faenza",Italia,Emilia-Romagna,RA,Faenza,Biblioteca Comunale Manfrediana,Disegni e acquerelli di Romolo Liverani ,219611 Album 10 bis - tav. 48,Liverani Romolo,21,"27,4",cm.,carta/ matita/ china acquerellata,buono,Lacune lungo il margine destro con interventi di velatura. ,"L'iscrizione si trova sulla tavola precedente e lo definisce: cortiletto nella casa dei signori conti Zauli Naldi detta Casa Vecchia che fu da loro abbandonata nel 1830 per venire nella Pagnotta o Casa Piazza, 1896.","L'album al quale appartiene il presente disegno è slegato ed è costituito da 30 fogli con 51 disegni a matita, a penna, a penna acquarellata di formato diverso: nn. 1-3 di cm 27,2 x 21, nn. 3-4 di cm 35 x 26, nn. 5-14 di cm 54 x 41,5, nn. 15-40 di cm 27 x 21, n. 41 di cm 45 x 32, n. 42 di cm 27,5 x 21, n. 43 di cm 32 x 14, nn. 44-48 di cm 27,5 x 21, n. 49 di cm 26,5 x 40, n. 50 di cm 26,5 x 38,5, n. 51 di cm 42,5 x 27,5. Fu acquistato presso la libreria Tonini di Ravenna nel 1991 grazie al contributo della Banca del Monte e Cassa di risparmio di Faenza. Comprende vedute di Faenza e dintorni (Sarna, Ceparano, S. Mamante, Montefortino, Oriolo, Basiago, Rivalta, Castel Raniero, Marzeno) con date comprese tra il 1843 ed il 1866. Spiccano per particolare sensibilità grafica e scioltezza del ductus i disegni a matita (nn. 5-14) che documentano la rovina del ponte in seguito alla piena del Lamone e confermano le qualità di Romolo Liverani.",acquisto,Libreria Tonini,1985,Ravenna,Comune di Faenza,https://bbcc.regione.emilia-romagna.it/pater/data/ravenna/lc-00112/lc-00112_11/tav48-219611-album10bis-r.jpg,https://bbcc.regione.emilia-romagna.it/pater/data/ravenna/lc-00112/lc-00112_11/tav48-219611-album10bis-v.jpg,1843,1866
205728,disegno,Veduta della Rocca di Brisighella.,Italia,Emilia-Romagna,RA,Faenza,Biblioteca Comunale Manfrediana,Disegni e acquerelli di Romolo Liverani - Repertorio 9,"218867 Album 2 - tav. 73, dis. 105",Liverani Romolo,"21,5","15,5",cm.,carta/ penna/ acquarello,discreto,Piccole lacune ed indebolimenti lungo i margini laterali e nella zona inferiore del disegno. Macchiato lungo il lato sinistro a causa del nastro adesivo (ora asportato) utilizzato per tenerlo adeso al passe-par-tout. Altre macchie causate da frammenti di nastro adesivo (anch'essi ora rimossi) in corrispondenza del lato superiore.,,"Il disegno appartiene ad un album sciolto, composto da 228 tavole di cm. 22 x 15,5, con disegni a penna acquarellati in grigio; poiché alcune tavole comprendono diversi soggetti, i disegni sommano in totale a 275. I soggetti sono di genere teatrale, sia specificamente per melodrammi e commedie, sia per scene di genere: alcuni sono tratti da stampe ma finalizzati all'esercitazione su un repertorio di immagini e fonti per soggetti teatrali. Si fa eccezione per alcuni precisi nuclei di vedute: Recanati e dintorni (n. 2-9; 59-64), Brisighella (n. 72-94), Castel Bolognese e dintorni (n. 94-104). Le note di Liverani si riferiscono all'utilizzo di alcuni disegni per lavori realizzati tra il 1838 e il 1843.",donazione,Arnaldo Minardi,1932,,Comune di Faenza,https://bbcc.regione.emilia-romagna.it/pater/data/ravenna/lc-00112/lc-00112_01/218867-album2-tav73-r.jpg,https://bbcc.regione.emilia-romagna.it/pater/data/ravenna/lc-00112/lc-00112_02/218867-album2-tav73-v.jpg,1830,1840
205730,disegno,Veduta della Rocca di Brisighella fra le due porte d'entrata.,Italia,Emilia-Romagna,RA,Faenza,Biblioteca Comunale Manfrediana,Disegni e acquerelli di Romolo Liverani - Repertorio 9,"218868 Album 2 - tav. 74, dis. 106",Liverani Romolo,"21,5","15,5",cm.,carta/ penna/ acquarello,mediocre,"Lacune ed indebolimenti lungo i margini ed in corrispondenza dei segni più evidenti di inchiostro, rappezzati con carta incollata al verso. Macchiato lungo il lato sinistro a causa del nastro adesivo (ora asportato) utilizzato per tenerlo adeso al passe-par-tout. ",,"Il disegno appartiene ad un album sciolto, composto da 228 tavole di cm. 22 x 15,5, con disegni a penna acquarellati in grigio; poiché alcune tavole comprendono diversi soggetti, i disegni sommano in totale a 275. I soggetti sono di genere teatrale, sia specificamente per melodrammi e commedie, sia per scene di genere: alcuni sono tratti da stampe ma finalizzati all'esercitazione su un repertorio di immagini e fonti per soggetti teatrali. Si fa eccezione per alcuni precisi nuclei di vedute: Recanati e dintorni (n. 2-9; 59-64), Brisighella (n. 72-94), Castel Bolognese e dintorni (n. 94-104). Le note di Liverani si riferiscono all'utilizzo di alcuni disegni per lavori realizzati tra il 1838 e il 1843.",donazione,Arnaldo Minardi,1932,,Comune di Faenza,https://bbcc.regione.emilia-romagna.it/pater/data/ravenna/lc-00112/lc-00112_01/218868-album2-tav74-r.jpg,https://bbcc.regione.emilia-romagna.it/pater/data/ravenna/lc-00112/lc-00112_02/218868-album2-tav74-v.jpg,1830,1840
205731,disegno,Veduta interna della Torre piccola della Rocca di Brisighella all'ultimo piano.,Italia,Emilia-Romagna,RA,Faenza,Biblioteca Comunale Manfrediana,Disegni e acquerelli di Romolo Liverani - Repertorio 9,"218869 Album 2 - tav. 75, dis. 107",Liverani Romolo,"15,5","21,5",cm.,carta/ penna/ acquarello,buono,Macchiato lungo il lato sinistro a causa del nastro adesivo (ora asportato) utilizzato per tenerlo adeso al passe-par-tout. ,,"Il disegno appartiene ad un album sciolto, composto da 228 tavole di cm. 22 x 15,5, con disegni a penna acquarellati in grigio; poiché alcune tavole comprendono diversi soggetti, i disegni sommano in totale a 275. I soggetti sono di genere teatrale, sia specificamente per melodrammi e commedie, sia per scene di genere: alcuni sono tratti da stampe ma finalizzati all'esercitazione su un repertorio di immagini e fonti per soggetti teatrali. Si fa eccezione per alcuni precisi nuclei di vedute: Recanati e dintorni (n. 2-9; 59-64), Brisighella (n. 72-94), Castel Bolognese e dintorni (n. 94-104). Le note di Liverani si riferiscono all'utilizzo di alcuni disegni per lavori realizzati tra il 1838 e il 1843.",donazione,Arnaldo Minardi,1932,,Comune di Faenza,https://bbcc.regione.emilia-romagna.it/pater/data/ravenna/lc-00112/lc-00112_01/218869-album2-tav75-r.jpg,https://bbcc.regione.emilia-romagna.it/pater/data/ravenna/lc-00112/lc-00112_02/218869-album2-tav75-v.jpg,1830,1840
205732,disegno,Veduta della Rocca di Brisighella.,Italia,Emilia-Romagna,RA,Faenza,Biblioteca Comunale Manfrediana,Disegni e acquerelli di Romolo Liverani - Repertorio 9,"218870 Album 2 - tav. 76, dis. 108",Liverani Romolo,"15,5","21,5",cm.,carta/ penna/ acquarello,buono,"Lacune lungo il margine inferiore. Macchiato lungo il lato sinistro a causa del nastro adesivo (ora asportato) utilizzato per tenerlo adeso al passe-par-tout. Visibile in testa al disegno l'iscrizione riportata sul verso, a causa dell'inchiostro aggressivo.",,"Il disegno appartiene ad un album sciolto, composto da 228 tavole di cm. 22 x 15,5, con disegni a penna acquarellati in grigio; poiché alcune tavole comprendono diversi soggetti, i disegni sommano in totale a 275. I soggetti sono di genere teatrale, sia specificamente per melodrammi e commedie, sia per scene di genere: alcuni sono tratti da stampe ma finalizzati all'esercitazione su un repertorio di immagini e fonti per soggetti teatrali. Si fa eccezione per alcuni precisi nuclei di vedute: Recanati e dintorni (n. 2-9; 59-64), Brisighella (n. 72-94), Castel Bolognese e dintorni (n. 94-104). Le note di Liverani si riferiscono all'utilizzo di alcuni disegni per lavori realizzati tra il 1838 e il 1843.",donazione,Arnaldo Minardi,1932,,Comune di Faenza,https://bbcc.regione.emilia-romagna.it/pater/data/ravenna/lc-00112/lc-00112_01/218870-album2-tav76-r.jpg,https://bbcc.regione.emilia-romagna.it/pater/data/ravenna/lc-00112/lc-00112_02/218870-album2-tav76-v.jpg,1830,1840
205733,disegno,Veduta del voltone che mette alla chiesa del Suffragio di Brisighella.,Italia,Emilia-Romagna,RA,Faenza,Biblioteca Comunale Manfrediana,Disegni e acquerelli di Romolo Liverani - Repertorio 9,"218871 Album 2 - tav. 77, dis. 109",Liverani Romolo,"15,5","21,5",cm.,carta/ penna/ acquarello,discreto,Lacune e strappi lungo i margini. Macchiato lungo il lato superiore a causa del nastro adesivo (ora asportato) utilizzato per tenerlo adeso al passe-par-tout. ,,"Il disegno appartiene ad un album sciolto, composto da 228 tavole di cm. 22 x 15,5, con disegni a penna acquarellati in grigio; poiché alcune tavole comprendono diversi soggetti, i disegni sommano in totale a 275. I soggetti sono di genere teatrale, sia specificamente per melodrammi e commedie, sia per scene di genere: alcuni sono tratti da stampe ma finalizzati all'esercitazione su un repertorio di immagini e fonti per soggetti teatrali. Si fa eccezione per alcuni precisi nuclei di vedute: Recanati e dintorni (n. 2-9; 59-64), Brisighella (n. 72-94), Castel Bolognese e dintorni (n. 94-104). Le note di Liverani si riferiscono all'utilizzo di alcuni disegni per lavori realizzati tra il 1838 e il 1843.",donazione,Arnaldo Minardi,1932,,Comune di Faenza,https://bbcc.regione.emilia-romagna.it/pater/data/ravenna/lc-00112/lc-00112_01/218871-album2-tav77-r.jpg,https://bbcc.regione.emilia-romagna.it/pater/data/ravenna/lc-00112/lc-00112_02/218871-album2-tav77-v.jpg,1830,1840
205738,disegno,Veduta di Brisighella venendo dal campo-santo.,Italia,Emilia-Romagna,RA,Faenza,Biblioteca Comunale Manfrediana,Disegni e acquerelli di Romolo Liverani - Repertorio 9,"218872 Album 2 - tav. 78, dis. 110",Liverani Romolo,"15,5","21,5",cm.,carta/ penna/ acquarello,discreto,Lacune lungo il margine inferiore. Macchiato lungo il lato superiore a causa del nastro adesivo (ora asportato) utilizzato per tenerlo adeso al passe-par-tout. ,,"Il disegno appartiene ad un album sciolto, composto da 228 tavole di cm. 22 x 15,5, con disegni a penna acquarellati in grigio; poiché alcune tavole comprendono diversi soggetti, i disegni sommano in totale a 275. I soggetti sono di genere teatrale, sia specificamente per melodrammi e commedie, sia per scene di genere: alcuni sono tratti da stampe ma finalizzati all'esercitazione su un repertorio di immagini e fonti per soggetti teatrali. Si fa eccezione per alcuni precisi nuclei di vedute: Recanati e dintorni (n. 2-9; 59-64), Brisighella (n. 72-94), Castel Bolognese e dintorni (n. 94-104). Le note di Liverani si riferiscono all'utilizzo di alcuni disegni per lavori realizzati tra il 1838 e il 1843.",donazione,Arnaldo Minardi,1932,,Comune di Faenza,https://bbcc.regione.emilia-romagna.it/pater/data/ravenna/lc-00112/lc-00112_01/218872-album2-tav78-r.jpg,https://bbcc.regione.emilia-romagna.it/pater/data/ravenna/lc-00112/lc-00112_02/218872-album2-tav78-v.jpg,1830,1840
231832,disegno,Rocca di Faenza,Italia,Emilia-Romagna,RA,Faenza,Biblioteca Comunale Manfrediana,Disegni e acquerelli di Romolo Liverani - Repertorio 9,219566 Album 10 bis - tav. 1 bis,Liverani Romolo,"24,2","27,4",cm.,carta/ matita/ china,buono,Vistosa lacuna sulla parte destra.,,"L'album al quale appartiene il presente disegno è slegato ed è costituito da 30 fogli con 51 disegni a matita, a penna, a penna acquarellata di formato diverso: nn. 1-3 di cm 27, 2 x 21, nn. 3-4 di cm 35 x 26, nn. 5-14 di cm 54 x 41,5, nn. 15-40 di cm 27 x 21, n. 41 di cm 45 x 32, n. 42 di cm 27,5 x 21, n. 43 di cm 32 x 14, nn. 44-48 di cm 27,5 x 21, n. 49 di cm 26,5 x 40, n. 50 di cm 26,5 x 38,5, n. 51 di cm 42,5 x 27,5. Fu acquistato presso la libreria Tonini di Ravenna nel 1993 grazie al contributo della Banca del Monte e Cassa di risparmio di Faenza. Comprende vedute di Faenza e dintorni (Sarna, Ceparano, S. Mamante, Montefortino, Oriolo, Basiago, Rivalta, Castel Raniero, Marzeno) con date comprese tra il 1843 ed il 1866. Spiccano per particolare sensibilità grafica e scioltezza del ductus i disegni a matita (nn. 5-14) che documentano la rovina del ponte in seguito alla piena del Lamone e confermano le qualità di Romolo Liverani.",acquisto,Libreria Tonini,1985,Ravenna,Comune di Faenza,https://bbcc.regione.emilia-romagna.it/pater/data/ravenna/lc-00112/lc-00112_11/tav1bis-219566-album10bis-r.jpg,https://bbcc.regione.emilia-romagna.it/pater/data/ravenna/lc-00112/lc-00112_11/tav1bis-219566-album10bis-v.jpg,1843,1866
231833,disegno,"Cortile di casa Zauli in piazza, Faenza",Italia,Emilia-Romagna,RA,Faenza,Biblioteca Comunale Manfrediana,Disegni e acquerelli di Romolo Liverani - Repertorio 9,219567 Album 10 bis - tav. 2,Liverani Romolo,"24,2","27,4",cm.,carta/ matita/ china,buono,Vistosa lacuna sulla parte destra.,L'iscrizione relativa a questo disegno si trova sulla tavola precedente e lo definisce: cortile di casa Zauli in piazza.,"L'album al quale appartiene il presente disegno è slegato ed è costituito da 30 fogli con 51 disegni a matita, a penna, a penna acquarellata di formato diverso: nn. 1-3 di cm 27,2 x 21, nn. 3-4 di cm 35 x 26, nn. 5-14 di cm 54 x 41,5, nn. 15-40 di cm 27 x 21, n. 41 di cm 45 x 32, n. 42 di cm 27,5 x 21, n. 43 di cm 32 x 14, nn. 44-48 di cm 27,5 x 21, n. 49 di cm 26,5 x 40, n. 50 di cm 26,5 x 38,5, n. 51 di cm 42,5 x 27,5. Fu acquistato presso la libreria Tonini di Ravenna nel 1991 grazie al contributo della Banca del Monte e Cassa di risparmio di Faenza. Comprende vedute di Faenza e dintorni (Sarna, Ceparano, S. Mamante, Montefortino, Oriolo, Basiago, Rivalta, Castel Raniero, Marzeno) con date comprese tra il 1843 ed il 1866. Spiccano per particolare sensibilità grafica e scioltezza del ductus i disegni a matita (nn. 5-14) che documentano la rovina del ponte in seguito alla piena del Lamone e confermano le qualità di Romolo Liverani.",acquisto,Libreria Tonini,1985,Ravenna,Comune di Faenza,https://bbcc.regione.emilia-romagna.it/pater/data/ravenna/lc-00112/lc-00112_11/tav2-219567-album10bis-r.jpg,https://bbcc.regione.emilia-romagna.it/pater/data/ravenna/lc-00112/lc-00112_11/tav2-219567-album10bis-v.jpg,1843,1866
231851,disegno,Ponte delle torri di Faenza dopo la caduta del 1842,Italia,Emilia-Romagna,RA,Faenza,Biblioteca Comunale Manfrediana,Disegni e acquerelli di Romolo Liverani - Repertorio 9,219569 Album 10 bis - tav. 4,Liverani Romolo,"26,3","35,3",cm.,carta/ china acquerellata,buono,Vistosa lacuna sulla parte destra con intervento di velatura. Conservato ripiegato.,"Il ponte medievale a tre archi, che aveva sostituito in epoca imprecisata l'antico ponte romano sul fiume Lamone, era caratterizzato da due torri merlate: l'una posta sulla riva sinistra fungeva da porta della città, l'altra collocata sulla pila tra l'arco centrale e quello sulla sponda verso il Borgo d'Urbecco. Il complesso può farsi risalire ai secoli XIII e XIV e aveva subito vari restauri ed interventi. L'ultimo era stato quello del 1777 di G. Pistocchi che, oltre al selciato, aveva rifatto completamente i parapetti, delimitati alle testate, da larghe basi ovali. Negli anni immediatamente seguenti i tetti, che erano posti sopra i merli delle torri, furono rifatti al di sotto degli stessi. I numerosi disegni di Romolo Liverani, che l'ha ripreso da svariati punti di vista, ce ne hanno tramandato l'immagine fedele ed esauriente, sia del ponte nella sua interezza sia dei ruderi dopo il crollo. Il crollo fu dovuto ad una piena nel 1842, e lo stesso Liverani scrive: “14 settembre 1842, giorno fatale per la memorabile piena delle acque condotte nel fiume, di modoche era la fiumana superiore alle archate da 3 Metri e per due ore il ponte stesso chiuso, poi non potendo più reggere allo urto del acqua, sulle 10 e 3/4 della mattina cadde, rovinando la pilla dalla parte della città[...]""","L'album al quale appartiene il presente disegno è slegato ed è costituito da 30 fogli con 51 disegni a matita, a penna, a penna acquarellata di formato diverso: nn. 1-3 di cm 27,2 x 21, nn. 3-4 di cm 35 x 26, nn. 5-14 di cm 54 x 41,5, nn. 15-40 di cm 27 x 21, n. 41 di cm 45 x 32, n. 42 di cm 27,5 x 21, n. 43 di cm 32 x 14, nn. 44-48 di cm 27,5 x 21, n. 49 di cm 26,5 x 40, n. 50 di cm 26,5 x 38,5, n. 51 di cm 42,5 x 27,5. Fu acquistato presso la libreria Tonini di Ravenna nel 1991 grazie al contributo della Banca del Monte e Cassa di risparmio di Faenza. Comprende vedute di Faenza e dintorni (Sarna, Ceparano, S. Mamante, Montefortino, Oriolo, Basiago, Rivalta, Castel Raniero, Marzeno) con date comprese tra il 1843 ed il 1866. Spiccano per particolare sensibilità grafica e scioltezza del ductus i disegni a matita (nn. 5-14) che documentano la rovina del ponte in seguito alla piena del Lamone e confermano le qualità di Romolo Liverani.",acquisto,Libreria Tonini,1985,Ravenna,Comune di Faenza,https://bbcc.regione.emilia-romagna.it/pater/data/ravenna/lc-00112/lc-00112_11/tav4-219569-album10bis-r.jpg,https://bbcc.regione.emilia-romagna.it/pater/data/ravenna/lc-00112/lc-00112_11/tav4-219569-album10bis-v.jpg,1843,1866
205220,disegno,Veduta dello Stradone detto dei Cappuccini fuori Faenza.,Italia,Emilia-Romagna,RA,Faenza,Biblioteca Comunale Manfrediana,Disegni e acquerelli di Romolo Liverani - Repertorio 9,219463 Album 7 - tav. 27,Liverani Romolo,21,28,cm.,carta/ penna/ acquarello,buono,"Macchiato e sfrangiato lungo il lato superiore, a causa del nastro adesivo, ora rimosso, utilizzato per tenerlo adeso al passepartout.","Il convento dei Cappuccini, costruito alla fine del Cinquecento nelle vicinanze della città, ma in aperta campagna, lungo il canale che alimentava i molini entro l'abitato, ebbe varie aggiunte di carattere settecentesco, come il portichetto della chiesa e il pilastro di testata del muro: si era mantenuto fino a circa la metà del Ventesimo secolo, quale lo disegnò Liverani nella prima metà dell'Ottocento. E' rimasta riconoscibile solo la parte retrostante del Convento con il muro della clausura e le cappelle. Ora tutto è mutato e la zona rientra nella fascia urbanizzata.
Anche qui la veduta acquista un valore conoscitivo non certo marginale per uno scenografo. L'inesauribile vena di Romolo, infatti è stimolata tanto dal sogno romantico e dal verosimile teatrale quanto dal vero, poichè è il reale a fornire pretesto e soggetto al verosimile. L'iscrizione relativa a questo disegno lo descrive come Veduta dello Stradone detto dei Cappuccini fuori Faenza.","La prima carta dell'album originale, che conteneva il disegno, reca il seguente testo manoscritto autografo: ""Vol. 1. Raccolta di n. 270 vedute della Città di Faenza, Subborghi ed alcune Villeggiature appartenenti a detta Città. Queste vedute furono incominciate sin dal anno 1823 è [sic] in più volte seguite è lasciate, avendole fatte sempre in quel tempo che rimanevano d'agio ho di spasso. Sono, dette vedute, state poste a termine la mattina del 14 settembre 1842, giorno fatale per la memorabile piena delle acque condotte nel fiume, di modoche era la fiumana superiore alle archate da 3 Metri e per due ore il ponte stesso chiuso, poi non potendo più regere allo urto del acqua, sulle 10 e 3/4 della mattina cadde, rovinado [sic] la pilla dalla parte della città, poscia per consenso mancando lapoggio del Arco di Mezzo la Torre che sorregevasi sul altra pila tardò un quattro minuti e rovinò anch'essa ed ebbe morte e tomba in un punto stesso e la stessa mattina io acquerelando la penultima veduta di questa raccolta. Romolo Pittore negli anni 33 di mia vita."" Tale album, però, durante l'ultimo restauro, ha subito il distacco della coperta e della legatura, ed ora i disegni sono conservati sciolti in una scatola, indicata come album n. 7. L'iscrizione sul verso si riferisce al disegno successivo all'interno dell'album originario.",donazione,Arnaldo Minardi,1932,,Comune di Faenza,https://bbcc.regione.emilia-romagna.it/pater/data/ravenna/lc-00112/lc-00112_01/219463-album7-tav27-r.jpg,https://bbcc.regione.emilia-romagna.it/pater/data/ravenna/lc-00112/lc-00112_03/219463-album7-tav27-v.jpg,1823,1842
205269,disegno,Veduta delle Bocche dei Canali fuori Faenza.,Italia,Emilia-Romagna,RA,Faenza,Biblioteca Comunale Manfrediana,Disegni e acquerelli di Romolo Liverani - Repertorio 9,219476 Album 7 - tav. 40,Liverani Romolo,22,29,cm.,carta/ penna/ acquarello,buono,"Macchiato lungo il margine superiore a causa del nastro adesivo, ora rimosso.","L'album al quale appartiene la presente tavola è ben noto per le preziose vedute di Faenza e territori limitrofi. Anche in questo caso l'iscrizione sul verso fornisce un valido aiuto all'identificazione del luogo, e aggiunge una notizia in più ai punti di riferimento per l'attività del Liverani. Tuttavia lo sguardo, attraverso tale attività, coglie una familiare panoramica di città, paesi, vallate e colline di Romagna e Marche, osservate col diaframma dell'uomo di teatro. Case e luoghi pittoreschi e suggestivi, anche se ricondotti alla dimensione più vera e schietta della vita, acquistano una funzione evocatrice di luoghi e situazioni perenni. ","La prima carta dell'album originale, che conteneva il disegno, reca il seguente testo manoscritto autografo: ""Vol. 1. Raccolta di n. 270 vedute della Città di Faenza, Subborghi ed alcune Villeggiature appartenenti a detta Città. Queste vedute furono incominciate sin dal anno 1823 è [sic] in più volte seguite è lasciate, avendole fatte sempre in quel tempo che rimanevano d'agio ho di spasso. Sono, dette vedute, state poste a termine la mattina del 14 settembre 1842, giorno fatale per la memorabile piena delle acque condotte nel fiume, di modoche era la fiumana superiore alle archate da 3 Metri e per due ore il ponte stesso chiuso, poi non potendo più regere allo urto del acqua, sulle 10 e 3/4 della mattina cadde, rovinado [sic] la pilla dalla parte della città, poscia per consenso mancando lapoggio del Arco di Mezzo la Torre che sorregevasi sul altra pila tardò un quattro minuti e rovinò anch'essa ed ebbe morte e tomba in un punto stesso e la stessa mattina io acquerelando la penultima veduta di questa raccolta. Romolo Pittore negli anni 33 di mia vita."" Tale album, però, durante l'ultimo restauro, ha subito il distacco della coperta e della legatura, ed ora i disegni sono conservati sciolti in una scatola, indicata come album n. 7. L'iscrizione sul verso del disegno si riferisce al disegno successivo all'interno dell'album originario, mentre l'iscrizione relativa a questo disegno lo definisce: Veduta delle Bocche dei Canali fuori Faenza.",donazione,Arnaldo Minardi,1932,,Comune di Faenza,https://bbcc.regione.emilia-romagna.it/pater/data/ravenna/lc-00112/lc-00112_01/219476-album7-tav40-r.jpg,https://bbcc.regione.emilia-romagna.it/pater/data/ravenna/lc-00112/lc-00112_03/219476-album7-tav40-v.jpg,1823,1842
205274,disegno,"Veduta interna della strada di Porta Montanara, Faenza",Italia,Emilia-Romagna,RA,Faenza,Biblioteca Comunale Manfrediana,Disegni e acquerelli di Romolo Liverani - Repertorio 9,219478 Album 7 - tav. 42,Liverani Romolo,21,28,cm.,carta/ penna/ acquarello,buono,"Macchiato e sfrangiato lungo il lato superiore, causa il nastro adesivo, ora rimosso, utilizzato per tenerlo adeso al passepartout.","In questa tavola è evidente l'intento di Liverani di ricondurre una veduta urbana della sua città al suo aspetto quotidiano, caratterizzandola con un'atmosfera popolare non ancora aggredita dai meccanismi di regolarizzazione edilizia ottocentesca. ","La prima carta dell'album originale, che conteneva il disegno, reca il seguente testo manoscritto autografo: ""Vol. 1. Raccolta di n. 270 vedute della Città di Faenza, Subborghi ed alcune Villeggiature appartenenti a detta Città. Queste vedute furono incominciate sin dal anno 1823 è [sic] in più volte seguite è lasciate, avendole fatte sempre in quel tempo che rimanevano d'agio ho di spasso. Sono, dette vedute, state poste a termine la mattina del 14 settembre 1842, giorno fatale per la memorabile piena delle acque condotte nel fiume, di modoche era la fiumana superiore alle archate da 3 Metri e per due ore il ponte stesso chiuso, poi non potendo più regere allo urto del acqua, sulle 10 e 3/4 della mattina cadde, rovinado [sic] la pilla dalla parte della città, poscia per consenso mancando lapoggio del Arco di Mezzo la Torre che sorregevasi sul altra pila tardò un quattro minuti e rovinò anch'essa ed ebbe morte e tomba in un punto stesso e la stessa mattina io acquerelando la penultima veduta di questa raccolta. Romolo Pittore negli anni 33 di mia vita."" Tale album, però, durante l'ultimo restauro, ha subito il distacco della coperta e della legatura, ed ora i disegni sono conservati sciolti in una scatola, indicata come album n. 7. L'iscrizione sul verso del disegno si riferisce al disegno successivo all'interno dell'album originario, mentre l'iscrizione relativa a questo disegno lo definisce: Veduta interna della strada di Porta Montanara in Faenza.",donazione,Arnaldo Minardi,1932,,Comune di Faenza,https://bbcc.regione.emilia-romagna.it/pater/data/ravenna/lc-00112/lc-00112_01/219478-album7-tav42-r.jpg,https://bbcc.regione.emilia-romagna.it/pater/data/ravenna/lc-00112/lc-00112_03/219478-album7-tav42-v.jpg,1823,1842
205271,disegno,"Piazzetta di S. Lucia, Faenza",Italia,Emilia-Romagna,RA,Faenza,Biblioteca Comunale Manfrediana,Disegni e acquerelli di Romolo Liverani - Repertorio 9,219477 Album 7 - tav. 41,Liverani Romolo,"21,3","28,5",cm.,carta/ penna/ acquarello,buono,"Macchiato e sfrangiato lungo il margine superiore a causa del nastro adesivo, ora rimosso.","""Questa veduta ha un certo interesse perchè mostra la caratteristica piazzetta di S. Lucia così com'era intorno al 1840. La grande casa fatta costruire dalla famiglia Monti, che l'ha abitata fin verso il 1852, non aveva ancora il balcone, che fu sistemato poi dai Ghirlandi succeduti nella proprietà. All'angolo convergente si vede l'imbocco di via Castellani con il portone della conserva indicata con il cocuzzolo del monticello sporgente sopra il muro. Alla estrema destra, in angolo con via di Porta Montanara (oggi corso Matteotti) è riprodotta una delle caratteristiche casette (questa era di proprietà del sig. Michele Lega di Brisighella) che nel 1842 venivano demolite per rettificare la strada con un nuovo fronte uniforme progettato da P. Tomba. La piazzetta, che prese il nome da una antica chiesetta dipendente, al principio del XV secolo, dal monastero di S. Giovanni Battista di Acereta e della quale presero possesso, nel 1426, le suore Cistercensi già di S. Bernardo, segnava il limite dell'antica Faventia; ivi, infatti, confluivano le due strade romane, provenienti l'una dal Cardine di via Castellani e l'altra dal Forum (corso Matteotti). Resti di una porta romana furono rinvenuti proprio dove finisce il fabbricato Monti-Ghirlandi su via Castellani."" E. Golfieri. ","Da una segnalazione manoscritta di Achille Calzi risalente al 1916 e presente sul verso del disegno precedente (dal titolo Veduta delle Bocche dei Canali fuori Faenza) si evince che la casa in quell'anno 1916 apparteneva al dott. Romeo Tassinari e si trovava in piazzetta S. Lucia.
La prima carta dell'album originale, che conteneva il disegno, reca il seguente testo manoscritto autografo: ""Vol. 1. Raccolta di n. 270 vedute della Città di Faenza, Subborghi ed alcune Villeggiature appartenenti a detta Città. Queste vedute furono incominciate sin dal anno 1823 è [sic] in più volte seguite è lasciate, avendole fatte sempre in quel tempo che rimanevano d'agio ho di spasso. Sono, dette vedute, state poste a termine la mattina del 14 settembre 1842, giorno fatale per la memorabile piena delle acque condotte nel fiume, di modoche era la fiumana superiore alle archate da 3 Metri e per due ore il ponte stesso chiuso, poi non potendo più regere allo urto del acqua, sulle 10 e 3/4 della mattina cadde, rovinado [sic] la pilla dalla parte della città, poscia per consenso mancando lapoggio del Arco di Mezzo la Torre che sorregevasi sul altra pila tardò un quattro minuti e rovinò anch'essa ed ebbe morte e tomba in un punto stesso e la stessa mattina io acquerelando la penultima veduta di questa raccolta. Romolo Pittore negli anni 33 di mia vita."" Tale album, però, durante l'ultimo restauro, ha subito il distacco della coperta e della legatura, ed ora i disegni sono conservati sciolti in una scatola, indicata come album n. 7. L'iscrizione sul verso del disegno si riferisce al disegno successivo all'interno dell'album originario.",donazione,Arnaldo Minardi,1932,,Comune di Faenza,https://bbcc.regione.emilia-romagna.it/pater/data/ravenna/lc-00112/lc-00112_01/219477-album7-tav41-r.jpg,https://bbcc.regione.emilia-romagna.it/pater/data/ravenna/lc-00112/lc-00112_03/219477-album7-tav41-v.jpg,1823,1842
213192,disegno,Prospettiva di corridoio e scala presso il convento dei Servi di Faenza,Italia,Emilia-Romagna,RA,Faenza,Biblioteca Comunale Manfrediana,Disegni e acquerelli di Romolo Liverani - Repertorio 9,219280 Album 5 - tav. 92,Liverani Romolo,22,29,cm.,carta/ penna/ acquarello,buono,Macchiato sul verso lungo il lato superiore a causa del nastro adesivo utilizzato per tenerlo adeso al passepartout. ,"L'iscrizione relativa a questo disegno lo definisce come prospettiva dipinta nel 1825 presso i Servi di Faenza, attuale sede della Biblioteca comunale; il primo disegno rappresenta il termine dello scalone al piano superiore mentre il secondo rappresenta un ingresso allo scalone al piano inferiore.","Il disegno appartiene all'album sciolto n. 5. Esso contiene disegni a penna acquarellati non sempre d'invenzione, ma studi da stampe di altri scenografi: Angelo Belloni, Pietro Piani, Antonio Basoli, Francesco Fontanesi, Clemente Caldesi, Pelagalli, oltre a bozzetti per prospettive dipinte. ",donazione,Arnaldo Minardi,1932,,Comune di Faenza,https://bbcc.regione.emilia-romagna.it/pater/data/ravenna/lc-00112/lc-00112_08/219280_album5_tav92_r.jpg,https://bbcc.regione.emilia-romagna.it/pater/data/ravenna/lc-00112/lc-00112_08/219280_album5_tav92_v.jpg,1824,1825
205103,disegno,"Chiostro dei Servi, Faenza",Italia,Emilia-Romagna,RA,Faenza,Biblioteca Comunale Manfrediana,Disegni e acquerelli di Romolo Liverani - Repertorio 9,219455 Album 7 - tav. 19,Liverani Romolo,21,28,cm.,carta/ penna/ acquarello,buono,"Macchiato e sfrangiato lungo il margine superiore a causa del nastro adesivo, ora rimosso, utilizzato per tenerlo adeso al passepartout.","""Il secondo chiostro dell'ex convento dei Servi di Maria venne costruito in gran parte nel Seicento, allorchè si edificò, al piano terreno, il nuovo grande refettorio (ora Emeroteca), refettorio che in precedenza era posto nel locale dell'attuale Sala Dante [n.d.r. della Biblioteca comunale]. Nel 1723 Giuseppe Antonio Soratini, camaldolese [n.d.r. già operante presso il complesso del convento di Classe nella città di Ravenna], diede il disegno per la costruzione della chiesa, e in tale occasione si rifece anche la parte superiore del portico, adiacente alla chiesa stessa. Il nuovo campanile fu, a sua volta, costruito fra il 1758 e il 1775 dal capomastro Gioacchino Tomba, su disegno di Pietro Borboni, architetto ticinese, operante in quel tempo a Cesena."" Lorenzo Savelli.","La prima carta dell'album originale reca il seguente testo ms autografo: ""Vol. 1. Raccolta di n. 270 vedute della Città di Faenza, Subborghi ed alcune Villeggiature appartenenti a detta Città. Queste vedute furono incominciate sin dal anno 1823 è [sic] in più volte seguite è lasciate, avendole fatte sempre in quel tempo che rimanevano d'agio ho di spasso. Sono, dette vedute, state poste a termine la mattina del 14 settembre 1842, giorno fatale per la memorabile piena delle acque condotte nel fiume, di modoche era la fiumana superiore alle archate da 3 Metri e per due ore il ponte stesso chiuso, poi non potendo più regere allo urto del acqua, sulle 10 e 3/4 della mattina cadde, rovinado [sic] la pilla dalla parte della città, poscia per consenso mancando lapoggio del Arco di Mezzo la Torre che sorregevasi sul altra pila tardò un quattro minuti e rovinò anch'essa ed ebbe morte e tomba in un punto stesso e la stessa mattina io acquerelando la penultima veduta di questa raccolta. Romolo Pittore negli anni 33 di mia vita.""Il disegno in origine apparteneva ad un album; tale album, però, durante l'ultimo restauro, ha subito il distacco della coperta e della legatura, ed ora i disegni sono conservati sciolti in una scatola, indicata come album n. 7. L'iscrizione sul verso si riferisce al disegno successivo all'interno dell'album originario, mentre l'iscrizione relativa a questo disegno è: Veduta interna del secondo chiostro nell'ex convento dei Servi in Faenza.",donazione,Arnaldo Minardi,1932,,Comune di Faenza,https://bbcc.regione.emilia-romagna.it/pater/data/ravenna/lc-00112/lc-00112_01/219455-album7-tav19-r.jpg,https://bbcc.regione.emilia-romagna.it/pater/data/ravenna/lc-00112/lc-00112_03/219455-album7-tav19-v.jpg,1823,1842
205177,disegno,"Stele funeraria romana incastonata ad una parete presso San Bartolo alla Villa Serra, fuori Faenza",Italia,Emilia-Romagna,RA,Faenza,Biblioteca Comunale Manfrediana,Disegni e acquerelli di Romolo Liverani - Repertorio 9,219447 Album 7 - tav. 11,Liverani Romolo,29,22,cm.,carta/ penna/ acquarello,buono,"Macchiato e sfrangiato lungo il lato sinistro, causa il nastro adesivo, ora rimosso, utilizzato per tenerlo adeso al passepartout.",Il soggetto rappresentato nel disegno è una stele funeraria che riporta la seguente iscrizione in lettere capitali: L.FVRVIVS.L.F[?].ALEXAND.SIBI.ET.SVIS.FURVIAE.LL.CHIAE.,"La prima carta dell'album originale reca il seguente testo ms autografo: ""Vol. 1. Raccolta di n. 270 vedute della Città di Faenza, Subborghi ed alcune Villeggiature appartenenti a detta Città. Queste vedute furono incominciate sin dal anno 1823 è [sic] in più volte seguite è lasciate, avendole fatte sempre in quel tempo che rimanevano d'agio ho di spasso. Sono, dette vedute, state poste a termine la mattina del 14 settembre 1842, giorno fatale per la memorabile piena delle acque condotte nel fiume, di modoche era la fiumana superiore alle archate da 3 Metri e per due ore il ponte stesso chiuso, poi non potendo più regere allo urto del acqua, sulle 10 e 3/4 della mattina cadde, rovinado [sic] la pilla dalla parte della città, poscia per consenso mancando lapoggio del Arco di Mezzo la Torre che sorregevasi sul altra pila tardò un quattro minuti e rovinò anch'essa ed ebbe morte e tomba in un punto stesso e la stessa mattina io acquerelando la penultima veduta di questa raccolta. Romolo Pittore negli anni 33 di mia vita."" Il disegno in origine apparteneva ad un album; tale album, però, durante l'ultimo restauro, ha subito il distacco della coperta e della legatura, ed ora i disegni sono conservati sciolti in una scatola, indicata come album n. 7. L'iscrizione sul verso si riferisce al disegno successivo all'interno dell'album originario, mentre l'iscrizione relativa alla presente tavola recita: Monumento in San Bartolo alla Villa Serra. ",donazione,Arnaldo Minardi,1932,,Comune di Faenza,https://bbcc.regione.emilia-romagna.it/pater/data/ravenna/lc-00112/lc-00112_01/219447-album7-tav11-r.jpg,https://bbcc.regione.emilia-romagna.it/pater/data/ravenna/lc-00112/lc-00112_03/219447-album7-tav11-v.jpg,1823,1842
205178,disegno,Cappella di S. Prospero alle Bocche dei Canali fuori Faenza,Italia,Emilia-Romagna,RA,Faenza,Biblioteca Comunale Manfrediana,Disegni e acquerelli di Romolo Liverani - Repertorio 9,219448 Album 7 - tav. 12,Liverani Romolo,22,29,cm.,carta/ penna/ acquarello,buono,"Macchiato e sfrangiato lungo il lato superiore, a causa del nastro adesivo, ora rimosso, utilizzato per tenerlo adeso al passepartout.","L'album al quale appartiene la presente tavola è ben noto per le preziose vedute di Faenza e territori limitrofi. Anche in questo caso l'iscrizione sul verso, Veduta di S. Prospero alle Bocche dei Canali fuori di Faenza, fornisce un valido aiuto all'identificazione del luogo e dell'attività del Liverani. Case e luoghi pittoreschi e suggestivi, anche se ricondotti alla dimensione più vera e schietta della vita, acquistano una funzione evocatrice di luoghi e situazioni perenni. ","La prima carta dell'album originale reca il seguente testo ms autografo: ""Vol. 1. Raccolta di n. 270 vedute della Città di Faenza, Subborghi ed alcune Villeggiature appartenenti a detta Città. Queste vedute furono incominciate sin dal anno 1823 è [sic] in più volte seguite è lasciate, avendole fatte sempre in quel tempo che rimanevano d'agio ho di spasso. Sono, dette vedute, state poste a termine la mattina del 14 settembre 1842, giorno fatale per la memorabile piena delle acque condotte nel fiume, di modoche era la fiumana superiore alle archate da 3 Metri e per due ore il ponte stesso chiuso, poi non potendo più regere allo urto del acqua, sulle 10 e 3/4 della mattina cadde, rovinado [sic] la pilla dalla parte della città, poscia per consenso mancando lapoggio del Arco di Mezzo la Torre che sorregevasi sul altra pila tardò un quattro minuti e rovinò anch'essa ed ebbe morte e tomba in un punto stesso e la stessa mattina io acquerelando la penultima veduta di questa raccolta. Romolo Pittore negli anni 33 di mia vita."" Il disegno in origine apparteneva ad un album; tale album, però, durante l'ultimo restauro, ha subito il distacco della coperta e della legatura, ed ora i disegni sono conservati sciolti in una scatola, indicata come album n. 7. L'iscrizione sul verso si riferisce al disegno successivo all'interno dell'album originario. ",donazione,Arnaldo Minardi,1932,,Comune di Faenza,https://bbcc.regione.emilia-romagna.it/pater/data/ravenna/lc-00112/lc-00112_01/219448-album7-tav12-r.jpg,https://bbcc.regione.emilia-romagna.it/pater/data/ravenna/lc-00112/lc-00112_03/219448-album7-tav12-v.jpg,1823,1842
205179,disegno,"Veduta della fabbrica da carta, Faenza.",Italia,Emilia-Romagna,RA,Faenza,Biblioteca Comunale Manfrediana,Disegni e acquerelli di Romolo Liverani - Repertorio 9,219449 Album 7 - tav. 13,Liverani Romolo,22,29,cm.,carta/ penna/ acquarello,buono,"Macchiato e sfrangiato lungo il lato superiore, causa il nastro adesivo, ora rimosso, utilizzato per tenerlo adeso al passepartout.","L'album al quale appartiene la presente tavola è ben noto per le preziose vedute di Faenza e territori limitrofi. Anche in questo caso l'iscrizione sul verso fornisce un valido aiuto all'identificazione del luogo, la cartiera appunto, e aggiunge una notizia in più ai punti di riferimento per l'attività del Liverani, il quale predilige l'edilizia che sta scomparendo alle regolarizzazioni ottocentesche. Sceglie, perciò, le architetture popolari e spontanee, che dimostrano la realtà delle cose e delle condizioni di vita vere, non mascherate da futili orpelli.","La prima carta dell'album originale reca il seguente testo ms autografo: ""Vol. 1. Raccolta di n. 270 vedute della Città di Faenza, Subborghi ed alcune Villeggiature appartenenti a detta Città. Queste vedute furono incominciate sin dal anno 1823 è [sic] in più volte seguite è lasciate, avendole fatte sempre in quel tempo che rimanevano d'agio ho di spasso. Sono, dette vedute, state poste a termine la mattina del 14 settembre 1842, giorno fatale per la memorabile piena delle acque condotte nel fiume, di modoche era la fiumana superiore alle archate da 3 Metri e per due ore il ponte stesso chiuso, poi non potendo più regere allo urto del acqua, sulle 10 e 3/4 della mattina cadde, rovinado [sic] la pilla dalla parte della città, poscia per consenso mancando lapoggio del Arco di Mezzo la Torre che sorregevasi sul altra pila tardò un quattro minuti e rovinò anch'essa ed ebbe morte e tomba in un punto stesso e la stessa mattina io acquerelando la penultima veduta di questa raccolta. Romolo Pittore negli anni 33 di mia vita."" Il disegno in origine apparteneva ad un album; tale album, però, durante l'ultimo restauro, ha subito il distacco della coperta e della legatura, ed ora i disegni sono conservati sciolti in una scatola, indicata come album n. 7. L'iscrizione sul verso si riferisce al disegno successivo all'interno dell'album originario, mentre l'iscrizione relativa a questo disegno è: Veduta della Fabbrica da carta. Fuori di Faenza 3 Miglia. ",donazione,Arnaldo Minardi,1932,,Comune di Faenza,https://bbcc.regione.emilia-romagna.it/pater/data/ravenna/lc-00112/lc-00112_01/219449-album7-tav13-r.jpg,https://bbcc.regione.emilia-romagna.it/pater/data/ravenna/lc-00112/lc-00112_03/219449-album7-tav13-v.jpg,1823,1842
205189,disegno,Veduta delle mura del macello pubblico in Faenza,Italia,Emilia-Romagna,RA,Faenza,Biblioteca Comunale Manfrediana,Disegni e acquerelli di Romolo Liverani - Repertorio 9,219454 Album 7 - tav. 18,Liverani Romolo,22,28,cm.,carta/ penna/ acquarello,buono,"Macchiato e sfrangiato lungo il lato superiore, a causa del nastro adesivo, ora rimosso, utilizzato per tenerlo adeso al passepartout.","L'iscrizione relativa a questo disegno è: Veduta delle mura del macello pubblico in Faenza. L'album al quale appartiene la presente tavola è ben noto per le preziose vedute di Faenza e territori limitrofi. Anche in questo caso l'iscrizione sul verso fornisce un valido aiuto all'identificazione del luogo, e aggiunge una notizia in più ai punti di riferimento per l'attività del Liverani. Tuttavia lo sguardo, attraverso tale attività, coglie una familiare panoramica di città, paesi, vallate e colline di Romagna e Marche, osservate col diaframma dell'uomo di teatro. Case e luoghi pittoreschi e suggestivi, anche se ricondotti alla dimensione più vera e schietta della vita, acquistano una funzione evocatrice di luoghi e situazioni perenni. La presenza dell'uomo si avverte discreta, quasi impalpabile, tangibile caso mai, nel senso del fluire della storia che è fatta anche di attività quotidiane, ma ciò che Romolo vede è l'ambiente del suo personale spettacolo teatrale.","La prima carta dell'album originale reca il seguente testo ms autografo: ""Vol. 1. Raccolta di n. 270 vedute della Città di Faenza, Subborghi ed alcune Villeggiature appartenenti a detta Città. Queste vedute furono incominciate sin dal anno 1823 è [sic] in più volte seguite è lasciate, avendole fatte sempre in quel tempo che rimanevano d'agio ho di spasso. Sono, dette vedute, state poste a termine la mattina del 14 settembre 1842, giorno fatale per la memorabile piena delle acque condotte nel fiume, di modoche era la fiumana superiore alle archate da 3 Metri e per due ore il ponte stesso chiuso, poi non potendo più regere allo urto del acqua, sulle 10 e 3/4 della mattina cadde, rovinado [sic] la pilla dalla parte della città, poscia per consenso mancando lapoggio del Arco di Mezzo la Torre che sorregevasi sul altra pila tardò un quattro minuti e rovinò anch'essa ed ebbe morte e tomba in un punto stesso e la stessa mattina io acquerelando la penultima veduta di questa raccolta. Romolo Pittore negli anni 33 di mia vita."" Il disegno in origine apparteneva ad un album; tale album, però, durante l'ultimo restauro, ha subito il distacco della coperta e della legatura, ed ora i disegni sono conservati sciolti in una scatola, indicata come album n. 7. L'iscrizione sul verso si riferisce al disegno successivo all'interno dell'album originario.",donazione,Arnaldo Minardi,1932,,Comune di Faenza,https://bbcc.regione.emilia-romagna.it/pater/data/ravenna/lc-00112/lc-00112_01/219454-album7-tav18-r.jpg,https://bbcc.regione.emilia-romagna.it/pater/data/ravenna/lc-00112/lc-00112_03/219454-album7-tav18-v.jpg,1823,1842
205205,disegno,"Piazza della Molinella con facciata del teatro, Faenza",Italia,Emilia-Romagna,RA,Faenza,Biblioteca Comunale Manfrediana,Disegni e acquerelli di Romolo Liverani - Repertorio 9,219457 Album 7 - tav. 21,Liverani Romolo,22,28,cm.,carta/ penna/ acquarello,buono,"Macchiato e sfrangiato lungo il lato superiore, a causa del nastro adesivo, ora rimosso, utilizzato per tenerlo adeso al passepartout.","""Il disegno rappresenta l'angolo della Molinella con la facciata del Teatro costruito da G. Pistocchi negli anni 1780-87 per iniziativa dell'Accademia dei Remoti. Come si vede, la costruzione originale giungeva fino al sesto intercolumnio dell'attuale fronte e copriva solo il corpo effettivo del Teatro costruito nell'angolo occidentale della Molinella, perchè a sinistra si vollero conservare i servizi ove era la stalla per i cavalli del Governatore e del Magistrato. Solo sul finire del secolo scorso l'Amministrazione comunale decise di regolarizzare tutto il lato meridionale della Molinella, aggiungendo altri cinque intercoluni e costruendovi sopra alcuni ambienti per l'attuale Circolo Cittadino. In quei rustici, a fianco del Teatro al tempo dei Manfredi, vi erano canili che confinavano con le carceri e si aprivano sul ""viridario"" o giardino, mentre sull'area dell'attuale Teatro era la parrocchiale di S. Paterniano ed alcune casette, che nel XVI e XVII secolo furono in parte trasformate in scuole pubbliche. Il lato occidentale, ove nel 1785-86 il Pistocchi ricavò al piano superiore la bella Galleria dei Cento Pacifici, era anticamente un muro merlato con portone che chiudeva la Molinella."" E. Golfieri","La prima carta dell'album originale reca il seguente testo ms autografo: ""Vol. 1. Raccolta di n. 270 vedute della Città di Faenza, Subborghi ed alcune Villeggiature appartenenti a detta Città. Queste vedute furono incominciate sin dal anno 1823 è [sic] in più volte seguite è lasciate, avendole fatte sempre in quel tempo che rimanevano d'agio ho di spasso. Sono, dette vedute, state poste a termine la mattina del 14 settembre 1842, giorno fatale per la memorabile piena delle acque condotte nel fiume, di modoche era la fiumana superiore alle archate da 3 Metri e per due ore il ponte stesso chiuso, poi non potendo più regere allo urto del acqua, sulle 10 e 3/4 della mattina cadde, rovinado [sic] la pilla dalla parte della città, poscia per consenso mancando lapoggio del Arco di Mezzo la Torre che sorregevasi sul altra pila tardò un quattro minuti e rovinò anch'essa ed ebbe morte e tomba in un punto stesso e la stessa mattina io acquerelando la penultima veduta di questa raccolta. Romolo Pittore negli anni 33 di mia vita."" Il disegno in origine apparteneva ad un album; tale album, però, durante l'ultimo restauro, ha subito il distacco della coperta e della legatura, ed ora i disegni sono conservati sciolti in una scatola, indicata come album n. 7. L'iscrizione sul verso si riferisce al disegno successivo all'interno dell'album originario, mentre l'iscrizione relativa a questo disegno è: Veduta della piazza della Molinella e del Teatro di Faenza. ",donazione,Arnaldo Minardi,1932,,Comune di Faenza,https://bbcc.regione.emilia-romagna.it/pater/data/ravenna/lc-00112/lc-00112_01/219457-album7-tav21-r.jpg,https://bbcc.regione.emilia-romagna.it/pater/data/ravenna/lc-00112/lc-00112_03/219457-album7-tav21-v.jpg,1823,1842
205207,disegno,"Veduta esterna di Porta Ponte e della casa del tintore Parsona, Faenza.",Italia,Emilia-Romagna,RA,Faenza,Biblioteca Comunale Manfrediana,Disegni e acquerelli di Romolo Liverani - Repertorio 9,219459 Album 7 - tav. 23,Liverani Romolo,21,28,cm.,carta/ penna/ acquarello,buono,"Macchiato e sfrangiato lungo il lato superiore, a causa del nastro adesivo, ora rimosso, utilizzato per tenerlo adeso al passepartout.","Il ponte medievale a tre archi, che aveva sostituito in epoca imprecisata l'antico ponte romano sul fiume Lamone, era caratterizzato da due torri merlate: l'una posta sulla riva sinistra fungeva da porta della città, l'altra collocata sulla pila tra l'arco centrale e quello sulla sponda verso il Borgo d'Urbecco. Il complesso può farsi risalire ai secoli XIII e XIV e aveva subito vari restauri ed interventi. L'ultimo era stato quello del 1777 di G. Pistocchi che, oltre al selciato, aveva rifatto completamente i parapetti, delimitati alle testate, da larghe basi ovali. I numerosi disegni di Romolo Liverani, che l'ha ripreso da svariati punti di vista, ce ne hanno tramandato l'immagine fedele ed esauriente. Ma una straordinaria piena, avvenuta il 14 settembre 1842, provocò la caduta della torre verso il borgo e di due arcate verso la città. La torre verso la città, costruita sulla sponda, era rimasta salda, ma il timore di un crollo spinse alcuni abitanti a presentare una petizione per il suo abbattimento: il primo firmatario fu il tintore Persona, che aveva la casa, appunto, nelle immediate vicinanze. L'iscrizione relativa a questo disegno lo definisce come Veduta esterna di Porta Ponte e della Casa del tintore Parsona in Faenza.","La prima carta dell'album originale reca il seguente testo ms autografo: ""Vol. 1. Raccolta di n. 270 vedute della Città di Faenza, Subborghi ed alcune Villeggiature appartenenti a detta Città. Queste vedute furono incominciate sin dal anno 1823 è [sic] in più volte seguite è lasciate, avendole fatte sempre in quel tempo che rimanevano d'agio ho di spasso. Sono, dette vedute, state poste a termine la mattina del 14 settembre 1842, giorno fatale per la memorabile piena delle acque condotte nel fiume, di modoche era la fiumana superiore alle archate da 3 Metri e per due ore il ponte stesso chiuso, poi non potendo più regere allo urto del acqua, sulle 10 e 3/4 della mattina cadde, rovinado [sic] la pilla dalla parte della città, poscia per consenso mancando lapoggio del Arco di Mezzo la Torre che sorregevasi sul altra pila tardò un quattro minuti e rovinò anch'essa ed ebbe morte e tomba in un punto stesso e la stessa mattina io acquerelando la penultima veduta di questa raccolta. Romolo Pittore negli anni 33 di mia vita."" Il disegno in origine apparteneva ad un album; tale album, però, durante l'ultimo restauro, ha subito il distacco della coperta e della legatura, ed ora i disegni sono conservati sciolti in una scatola, indicata come album n. 7. L'iscrizione sul verso si riferisce al disegno successivo all'interno dell'album originario. ",donazione,Arnaldo Minardi,1932,,Comune di Faenza,https://bbcc.regione.emilia-romagna.it/pater/data/ravenna/lc-00112/lc-00112_01/219459-album7-tav23-r.jpg,https://bbcc.regione.emilia-romagna.it/pater/data/ravenna/lc-00112/lc-00112_03/219459-album7-tav23-v.jpg,1823,1842
205208,disegno,"Veduta del ponte visto dalla parte del Borgo Durbecco, sotto la casa del barbiere, Faenza.",Italia,Emilia-Romagna,RA,Faenza,Biblioteca Comunale Manfrediana,Disegni e acquerelli di Romolo Liverani - Repertorio 9,219460 Abum 7 - tav. 24,Liverani Romolo,21,28,cm.,carta/ penna/ acquarello,buono,"Macchiato e sfrangiato lungo il lato superiore, a causa del nastro adesivo, ora rimosso, utilizzato per tenerlo adeso al passepartout.","Il ponte medievale a tre archi, che aveva sostituito in epoca imprecisata l'antico ponte romano sul fiume Lamone, era caratterizzato da due torri merlate: l'una posta sulla riva sinistra fungeva da porta della città, l'altra collocata sulla pila tra l'arco centrale e quello sulla sponda verso il Borgo d'Urbecco. Il complesso può farsi risalire ai secoli XIII e XIV e aveva subito vari restauri ed interventi. L'ultimo era stato quello del 1777 di G. Pistocchi che, oltre al selciato, aveva rifatto completamente i parapetti, delimitati alle testate, da larghe basi ovali. Negli anni immediatamente seguenti i tetti, che erano posti sopra i merli delle torri, furono rifatti al di sotto degli stessi. I numerosi disegni di Romolo Liverani, che l'ha ripreso da svariati punti di vista, ce ne hanno tramandato l'immagine fedele ed esauriente. La torre sulla pila del ponte era adornata di una Annunciazione di terracotta, che fu recuperata, dopo il crollo dovuto ad una piena nel 1842, e collocata nella prima cappella a destra del Duomo. L'iscrizione relativa a questo disegno lo definisce come Veduta del Ponte visto dalla parte del Borgo Durbecco, sotto la casa del barbiere in Faenza.","La prima carta dell'album originale reca il seguente testo ms autografo: ""Vol. 1. Raccolta di n. 270 vedute della Città di Faenza, Subborghi ed alcune Villeggiature appartenenti a detta Città. Queste vedute furono incominciate sin dal anno 1823 è [sic] in più volte seguite è lasciate, avendole fatte sempre in quel tempo che rimanevano d'agio ho di spasso. Sono, dette vedute, state poste a termine la mattina del 14 settembre 1842, giorno fatale per la memorabile piena delle acque condotte nel fiume, di modoche era la fiumana superiore alle archate da 3 Metri e per due ore il ponte stesso chiuso, poi non potendo più regere allo urto del acqua, sulle 10 e 3/4 della mattina cadde, rovinado [sic] la pilla dalla parte della città, poscia per consenso mancando lapoggio del Arco di Mezzo la Torre che sorregevasi sul altra pila tardò un quattro minuti e rovinò anch'essa ed ebbe morte e tomba in un punto stesso e la stessa mattina io acquerelando la penultima veduta di questa raccolta. Romolo Pittore negli anni 33 di mia vita."" Il disegno in origine apparteneva ad un album; tale album, però, durante l'ultimo restauro, ha subito il distacco della coperta e della legatura, ed ora i disegni sono conservati sciolti in una scatola, indicata come album n. 7. L'iscrizione sul verso si riferisce al disegno successivo all'interno dell'album originario. ",donazione,Arnaldo Minardi,1932,,Comune di Faenza,https://bbcc.regione.emilia-romagna.it/pater/data/ravenna/lc-00112/lc-00112_01/219460-album7-tav24-r.jpg,https://bbcc.regione.emilia-romagna.it/pater/data/ravenna/lc-00112/lc-00112_03/219460-album7-tav24-v.jpg,1823,1842
205209,disegno,Veduta interna del secondo chiostro dei frati Osservanti fuori Faenza.,Italia,Emilia-Romagna,RA,Faenza,Biblioteca Comunale Manfrediana,Disegni e acquerelli di Romolo Liverani - Repertorio 9,219461 Album 7 - tav. 25,Liverani Romolo,21,28,cm.,carta/ penna/ acquarello,buono,"Macchiato e sfrangiato lungo il lato superiore, causa il nastro adesivo, ora rimosso, utilizzato per tenerlo adeso al passepartout.","In questa tavola la vista si apre sul chiostro dei frati Osservanti che acquista un valore conoscitivo non certo marginale per uno scenografo. L'inesauribile vena di Romolo, infatti è stimolata tanto dal sogno romantico e dal verosimile teatrale quanto dal vero, poichè è il reale a fornire pretesto e soggetto al verosimile.","La prima carta dell'album originale, che conteneva il disegno, reca il seguente testo manoscritto autografo: ""Vol. 1. Raccolta di n. 270 vedute della Città di Faenza, Subborghi ed alcune Villeggiature appartenenti a detta Città. Queste vedute furono incominciate sin dal anno 1823 è [sic] in più volte seguite è lasciate, avendole fatte sempre in quel tempo che rimanevano d'agio ho di spasso. Sono, dette vedute, state poste a termine la mattina del 14 settembre 1842, giorno fatale per la memorabile piena delle acque condotte nel fiume, di modoche era la fiumana superiore alle archate da 3 Metri e per due ore il ponte stesso chiuso, poi non potendo più regere allo urto del acqua, sulle 10 e 3/4 della mattina cadde, rovinado [sic] la pilla dalla parte della città, poscia per consenso mancando lapoggio del Arco di Mezzo la Torre che sorregevasi sul altra pila tardò un quattro minuti e rovinò anch'essa ed ebbe morte e tomba in un punto stesso e la stessa mattina io acquerelando la penultima veduta di questa raccolta. Romolo Pittore negli anni 33 di mia vita."" Tale album, però, durante l'ultimo restauro, ha subito il distacco della coperta e della legatura, ed ora i disegni sono conservati sciolti in una scatola, indicata come album n. 7. L'iscrizione sul verso si riferisce al disegno successivo all'interno dell'album originario, mentre l'iscrizione di questo disegno è: Veduta interna del secondo chiostro dei Frati Osservanti fuori di Faenza.",donazione,Arnaldo Minardi,1932,,Comune di Faenza,https://bbcc.regione.emilia-romagna.it/pater/data/ravenna/lc-00112/lc-00112_01/219461-album7-tav25-r.jpg,https://bbcc.regione.emilia-romagna.it/pater/data/ravenna/lc-00112/lc-00112_03/219461-album7-tav25-v.jpg,1823,1842
205217,disegno,"Strada di circonvallazione sulle rive del Lamone, quasi dirimpetto dove sbocca il Fiumetto, Faenza",Italia,Emilia-Romagna,RA,Faenza,Biblioteca Comunale Manfrediana,Disegni e acquerelli di Romolo Liverani - Repertorio 9,219462 Album 7 - tav. 26,Liverani Romolo,21,28,cm.,carta/ penna/ acquarello,buono,"Macchiato e sfrangiato lungo il lato superiore, a causa del nastro adesivo, ora rimosso, utilizzato per tenerlo adeso al passepartout.","L'album al quale appartiene la presente tavola è ben noto per le preziose vedute di Faenza e territori limitrofi. Anche in questo caso l'iscrizione sul verso della tavola precedente, ""Strada di Circonvalazione sulle rive del Lamone, quasi dirimpetto dove sbocca il Fiumetto in Faenza"", fornisce un valido aiuto all'identificazione del luogo, e aggiunge una notizia in più ai punti di riferimento per l'attività del Liverani. Tuttavia lo sguardo, attraverso tale attività, coglie una familiare panoramica di città, paesi, vallate e colline di Romagna e Marche, osservate col diaframma dell'uomo di teatro. Case e luoghi pittoreschi e suggestivi, anche se ricondotti alla dimensione più vera e schietta della vita, acquistano una funzione evocatrice di luoghi e situazioni perenni. ","La prima carta dell'album originale, che conteneva il disegno, reca il seguente testo manoscritto autografo: ""Vol. 1. Raccolta di n. 270 vedute della Città di Faenza, Subborghi ed alcune Villeggiature appartenenti a detta Città. Queste vedute furono incominciate sin dal anno 1823 è [sic] in più volte seguite è lasciate, avendole fatte sempre in quel tempo che rimanevano d'agio ho di spasso. Sono, dette vedute, state poste a termine la mattina del 14 settembre 1842, giorno fatale per la memorabile piena delle acque condotte nel fiume, di modoche era la fiumana superiore alle archate da 3 Metri e per due ore il ponte stesso chiuso, poi non potendo più regere allo urto del acqua, sulle 10 e 3/4 della mattina cadde, rovinado [sic] la pilla dalla parte della città, poscia per consenso mancando lapoggio del Arco di Mezzo la Torre che sorregevasi sul altra pila tardò un quattro minuti e rovinò anch'essa ed ebbe morte e tomba in un punto stesso e la stessa mattina io acquerelando la penultima veduta di questa raccolta. Romolo Pittore negli anni 33 di mia vita."" Tale album, però, durante l'ultimo restauro, ha subito il distacco della coperta e della legatura, ed ora i disegni sono conservati sciolti in una scatola, indicata come album n. 7. L'iscrizione sul verso si riferisce al disegno successivo all'interno dell'album originario.",donazione,Arnaldo Minardi,1932,,Comune di Faenza,https://bbcc.regione.emilia-romagna.it/pater/data/ravenna/lc-00112/lc-00112_01/219462-album7-tav26-r.jpg,https://bbcc.regione.emilia-romagna.it/pater/data/ravenna/lc-00112/lc-00112_03/219462-album7-tav26-v.jpg,1823,1842
205221,disegno,Veduta della piazza del Vescovado e parte posteriore del Duomo in Faenza,Italia,Emilia-Romagna,RA,Faenza,Biblioteca Comunale Manfrediana,Disegni e acquerelli di Romolo Liverani - Repertorio 9,219464 Album 7 - tav. 28,Liverani Romolo,"22,5",28,cm.,carta/ penna/ acquarello,buono,"Macchiato e sfrangiato lungo il lato superiore, causa il nastro adesivo, ora rimosso, utilizzato per tenerlo adeso al passepartout.","In vari disegni la piazzetta è raffigurata da ogni lato: insignificanti sono, come si può rilevare, i cambiamenti subiti nel tempo.
L'abside poligonale che è qui raffigurato presenta una forma insolita per un edificio rinascimentale del tipo brunelleschiano come il Duomo, iniziato da Giuliano da Maiano nel 1474. Era ipotizzata una originaria abside a pianta quadrata, sostituita molto più tardi con quella che ancora vediamo. Un mattone datato 1493, scoperto durante i recenti restauri, documenta tale datazione, molto alta, dell'abside stessa, anche se può ritenersi un pentimento rispetto all'abside quadra sempre entro il secolo 15. L'album al quale appartiene la presente tavola è ben noto per le preziose vedute di Faenza e territori limitrofi, un vero inventario di luoghi con valore conoscitivo non certo marginale per uno scenografo. L'inesauribile vena di Romolo, infatti, è stimolata tanto dal sogno romantico e dal verosimile teatrale quanto dal vero, poichè è il reale a fornire pretesto e soggetto al verosimile.","La prima carta dell'album originale, che conteneva il disegno, reca il seguente testo manoscritto autografo: ""Vol. 1. Raccolta di n. 270 vedute della Città di Faenza, Subborghi ed alcune Villeggiature appartenenti a detta Città. Queste vedute furono incominciate sin dal anno 1823 è [sic] in più volte seguite è lasciate, avendole fatte sempre in quel tempo che rimanevano d'agio ho di spasso. Sono, dette vedute, state poste a termine la mattina del 14 settembre 1842, giorno fatale per la memorabile piena delle acque condotte nel fiume, di modoche era la fiumana superiore alle archate da 3 Metri e per due ore il ponte stesso chiuso, poi non potendo più regere allo urto del acqua, sulle 10 e 3/4 della mattina cadde, rovinado [sic] la pilla dalla parte della città, poscia per consenso mancando lapoggio del Arco di Mezzo la Torre che sorregevasi sul altra pila tardò un quattro minuti e rovinò anch'essa ed ebbe morte e tomba in un punto stesso e la stessa mattina io acquerelando la penultima veduta di questa raccolta. Romolo Pittore negli anni 33 di mia vita."" Tale album, però, durante l'ultimo restauro, ha subito il distacco della coperta e della legatura, ed ora i disegni sono conservati sciolti in una scatola, indicata come album n. 7. L'iscrizione sul verso si riferisce al disegno successivo all'interno dell'album originario.",donazione,Arnaldo Minardi,1932,,Comune di Faenza,https://bbcc.regione.emilia-romagna.it/pater/data/ravenna/lc-00112/lc-00112_01/219464-album7-tav28-r.jpg,https://bbcc.regione.emilia-romagna.it/pater/data/ravenna/lc-00112/lc-00112_03/219464-album7-tav28-v.jpg,1823,1842
205253,disegno,"Veduta della Piazza e Palazzo Vescovile, Faenza",Italia,Emilia-Romagna,RA,Faenza,Biblioteca Comunale Manfrediana,Disegni e acquerelli di Romolo Liverani - Repertorio 9,219465 Album 7 - tav. 29,Liverani Romolo,23,28,cm.,carta/ penna/ acquarello,buono,"Macchiato e sfrangiato lungo il lato superiore, a causa del nastro adesivo, ora rimosso, utilizzato per tenerlo adeso al passepartout.","L'album al quale appartiene la presente tavola è ben noto per le preziose vedute di Faenza e territori limitrofi, un vero inventario di luoghi con valore conoscitivo non certo marginale per uno scenografo. L'inesauribile vena di Romolo, infatti, è stimolata tanto dal sogno romantico e dal verosimile teatrale quanto dal vero, poichè è il reale a fornire pretesto e soggetto al verosimile. Nello spazio davanti al palazzo vescovile vediamo, circondata da una cancellata, la fonte che riceveva acqua dalla conduttura del Fonte monumentale della piazza. Era uno dei pochissimi allacciamenti all'opera idraulica pubblica, vanto di Faenza nel secolo XVIII. ","La prima carta dell'album originale, che conteneva il disegno, reca il seguente testo manoscritto autografo: ""Vol. 1. Raccolta di n. 270 vedute della Città di Faenza, Subborghi ed alcune Villeggiature appartenenti a detta Città. Queste vedute furono incominciate sin dal anno 1823 è [sic] in più volte seguite è lasciate, avendole fatte sempre in quel tempo che rimanevano d'agio ho di spasso. Sono, dette vedute, state poste a termine la mattina del 14 settembre 1842, giorno fatale per la memorabile piena delle acque condotte nel fiume, di modoche era la fiumana superiore alle archate da 3 Metri e per due ore il ponte stesso chiuso, poi non potendo più regere allo urto del acqua, sulle 10 e 3/4 della mattina cadde, rovinado [sic] la pilla dalla parte della città, poscia per consenso mancando lapoggio del Arco di Mezzo la Torre che sorregevasi sul altra pila tardò un quattro minuti e rovinò anch'essa ed ebbe morte e tomba in un punto stesso e la stessa mattina io acquerelando la penultima veduta di questa raccolta. Romolo Pittore negli anni 33 di mia vita."" Tale album, però, durante l'ultimo restauro, ha subito il distacco della coperta e della legatura, ed ora i disegni sono conservati sciolti in una scatola, indicata come album n. 7. L'iscrizione sul verso si riferisce al disegno successivo all'interno dell'album originario, mentre l'iscrizione relativa a questo disegno lo definisce come Veduta della Piazza e Palazzo Vescovile in Faenza.",donazione,Arnaldo Minardi,1932,,Comune di Faenza,https://bbcc.regione.emilia-romagna.it/pater/data/ravenna/lc-00112/lc-00112_01/219465-album7-tav29-r.jpg,https://bbcc.regione.emilia-romagna.it/pater/data/ravenna/lc-00112/lc-00112_03/219465-album7-tav29-v.jpg,1823,1842
204985,disegno,"Chiostro dei Servi, Faenza",Italia,Emilia-Romagna,RA,Faenza,Biblioteca Comunale Manfrediana,Disegni e acquerelli di Romolo Liverani - Repertorio 9,219456 Album 7 - tav. 20,Liverani Romolo,21,28,cm.,carta/ penna/ acquarello,buono,"Macchiato e sfrangiato lungo il lato superiore a causa del nastro adesivo, ora rimosso.","""E' qui rappresentato il primo chiostro dell'ex convento dei Servi di Maria, convento che era stato acquistato dai Caldesi dopo la soppressione napoleonica. A sinistra si vede il loggiato, che oggi dà accesso alla Biblioteca comunale, con le colonne nella loro forma originale; in fondo, sopra al chiostro, s'erge la parte mediana ed absidale della chiesa che dopo la soppressione dell'ordine religioso, divenne la parrocchiale dei Ss. Filippo e Giacomo e tale rimase fino al 1944 quando i tedeschi in ritirata minarono il settecentesco campanile, il più alto di Faenza, che nel crollo travolse tutta la parte absidale della chiesa. L'ex convento, acquistato dall'Amministrazione comunale nel 1823 fu destinato a sede del pubblico Ginnasio, con annessa Biblioteca e Pinacoteca: nell'angolo a sinistra, sotto il portico, si intravvede lo schizzo di un ragazzo con la cartella sotto il braccio a testimoniare l'uso dell'immobile. Il Ginnasio vi rimase fino al 1873, poi fu trasferito nella nuova sede dell'ex convento dei Gesuiti e al suo posto vennero sistemate le scuole elementari. Nel disegno le arcate dei lati nord ed est del chiostro si vedono già murate, come sono tuttora, perchè segnavano il confine della parte di uso parrocchiale."" Ennio Golfieri","La prima carta dell'album originale reca il seguente testo ms autografo: ""Vol. 1. Raccolta di n. 270 vedute della Città di Faenza, Subborghi ed alcune Villeggiature appartenenti a detta Città. Queste vedute furono incominciate sin dal anno 1823 è [sic] in più volte seguite è lasciate, avendole fatte sempre in quel tempo che rimanevano d'agio ho di spasso. Sono, dette vedute, state poste a termine la mattina del 14 settembre 1842, giorno fatale per la memorabile piena delle acque condotte nel fiume, di modoche era la fiumana superiore alle archate da 3 Metri e per due ore il ponte stesso chiuso, poi non potendo più regere allo urto del acqua, sulle 10 e 3/4 della mattina cadde, rovinado [sic] la pilla dalla parte della città, poscia per consenso mancando lapoggio del Arco di Mezzo la Torre che sorregevasi sul altra pila tardò un quattro minuti e rovinò anch'essa ed ebbe morte e tomba in un punto stesso e la stessa mattina io acquerelando la penultima veduta di questa raccolta. Romolo Pittore negli anni 33 di mia vita."" Il disegno in origine apparteneva ad un album; tale album, però, durante l'ultimo restauro, ha subito il distacco della coperta e della legatura, ed ora i disegni sono conservati sciolti in una scatola, indicata come album n. 7. L'iscrizione sul verso si riferisce al disegno successivo all'interno dell'album originario, mentre l'iscrizione relativa a questo disegno è: Veduta dello stradello dei Cappuccini che conduce alle Bocche dei Canali fuori di Faenza. Mezza mattina.",donazione,Arnaldo Minardi,1932,,Comune di Faenza,https://bbcc.regione.emilia-romagna.it/pater/data/ravenna/lc-00112/lc-00112_01/219456-album7-tav20-r.jpg,https://bbcc.regione.emilia-romagna.it/pater/data/ravenna/lc-00112/lc-00112_03/219456-album7-tav20-v.jpg,1823,1842
205136,disegno,"Veduta di giardino con salice piangente presso la Villa Gessi di Sarna, Faenza",Italia,Emilia-Romagna,RA,Faenza,Biblioteca Comunale Manfrediana,Disegni e acquerelli di Romolo Liverani - Repertorio 9,219438 Album 7 - tav. 2 bis,Liverani Romolo,22,29,cm.,carta/ penna/ acquarello,buono,"Macchiato lungo il margine superiore a causa del nastro adesivo, ora asportato, utilizzato per tenerlo adeso al passepartout.","L'iscrizione relativa a questo disegno lo descrive come Altra veduta nella Villeggiatura Gessi in Sarna, Faenza.","La prima carta dell'album originale reca il seguente testo ms autografo: ""Vol. 1. Raccolta di n. 270 vedute della Città di Faenza, Subborghi ed alcune Villeggiature appartenenti a detta Città. Queste vedute furono incominciate sin dal anno 1823 è [sic] in più volte seguite è lasciate, avendole fatte sempre in quel tempo che rimanevano d'agio ho di spasso. Sono, dette vedute, state poste a termine la mattina del 14 settembre 1842, giorno fatale per la memorabile piena delle acque condotte nel fiume, di modoche era la fiumana superiore alle archate da 3 Metri e per due ore il ponte stesso chiuso, poi non potendo più regere allo urto del acqua, sulle 10 e 3/4 della mattina cadde, rovinado [sic] la pilla dalla parte della città, poscia per consenso mancando lapoggio del Arco di Mezzo la Torre che sorregevasi sul altra pila tardò un quattro minuti e rovinò anch'essa ed ebbe morte e tomba in un punto stesso e la stessa mattina io acquerelando la penultima veduta di questa raccolta. Romolo Pittore negli anni 33 di mia vita."" Il disegno in origine apparteneva ad un album; tale album, però, durante l'ultimo restauro, ha subito il distacco della coperta e della legatura, ed ora i disegni sono conservati sciolti in una scatola, indicata come album n. 7. L'iscrizione sul verso si riferisce al disegno successivo all'interno dell'album originario. ",donazione,Arnaldo Minardi,1932,,Comune di Faenza,https://bbcc.regione.emilia-romagna.it/pater/data/ravenna/lc-00112/lc-00112_01/219438-album7-tav2bis-r.jpg,https://bbcc.regione.emilia-romagna.it/pater/data/ravenna/lc-00112/lc-00112_03/219438-album7-tav2bis-v.jpg,1823,1842
205137,disegno,"Villa Gessi a Sarna, Faenza",Italia,Emilia-Romagna,RA,Faenza,Biblioteca Comunale Manfrediana,Disegni e acquerelli di Romolo Liverani - Repertorio 9,219439 Album 7 - tav. 3,Liverani Romolo,22,29,cm.,carta/ penna/ acquarello,buono,"Macchiato lungo il lato superiore, causa il nastro adesivo, ora rimosso, utilizzato per tenerlo adeso al passepartout.",L'scrizione relativa a questo disegno lo descrive come Altra veduta della Villeggiatura Gessi in Sarna.,"La prima carta dell'album originale reca il seguente testo ms autografo: ""Vol. 1. Raccolta di n. 270 vedute della Città di Faenza, Subborghi ed alcune Villeggiature appartenenti a detta Città. Queste vedute furono incominciate sin dal anno 1823 è [sic] in più volte seguite è lasciate, avendole fatte sempre in quel tempo che rimanevano d'agio ho di spasso. Sono, dette vedute, state poste a termine la mattina del 14 settembre 1842, giorno fatale per la memorabile piena delle acque condotte nel fiume, di modoche era la fiumana superiore alle archate da 3 Metri e per due ore il ponte stesso chiuso, poi non potendo più regere allo urto del acqua, sulle 10 e 3/4 della mattina cadde, rovinado [sic] la pilla dalla parte della città, poscia per consenso mancando lapoggio del Arco di Mezzo la Torre che sorregevasi sul altra pila tardò un quattro minuti e rovinò anch'essa ed ebbe morte e tomba in un punto stesso e la stessa mattina io acquerelando la penultima veduta di questa raccolta. Romolo Pittore negli anni 33 di mia vita."" Il disegno in origine apparteneva ad un album; tale album, però, durante l'ultimo restauro, ha subito il distacco della coperta e della legatura, ed ora i disegni sono conservati sciolti in una scatola, indicata come album n. 7. L'iscrizione sul verso si riferisce al disegno successivo all'interno dell'album originario. ",donazione,Arnaldo Minardi,1932,,Comune di Faenza,https://bbcc.regione.emilia-romagna.it/pater/data/ravenna/lc-00112/lc-00112_01/219439-album7-tav3-r.jpg,https://bbcc.regione.emilia-romagna.it/pater/data/ravenna/lc-00112/lc-00112_03/219439-album7-tav3-v.jpg,1823,1842
205185,disegno,"Mulino di Batticuculo, Faenza",Italia,Emilia-Romagna,RA,Faenza,Biblioteca Comunale Manfrediana,Disegni e acquerelli di Romolo Liverani - Repertorio 9,219451 Album 7 - tav. 15,Liverani Romolo,21,29,cm.,carta/ penna/ acquarello,buono,"Macchiato e sfrangiato lungo il lato superiore, causa il nastro adesivo, ora rimosso, utilizzato per tenerlo adeso al passepartout.","E' qui raffiugurato uno dei più antichi mulini di Faenza detto di Batticuculo, alle porte della città; esso era posto lungo la “canaletta”, canale secondario che si staccava da quello principale in località “Bocche dei canali”, presso S. Prospero, sfociando poi nel Lamone, nel luogo dove, ai primi dell'Ottocento, sarà costruito il Ponte Rosso.
Il presente disegno mostra il lato a valle, e in esso sono riconoscibili chiaramente, sotto gli archi laterali, le due ruote a pale di legno, dette “ritrecini”, che servivano ad azionare le macine; mentre sotto l'arco centrale veniva scaricato il troppo pieno dell'acqua.
","La prima carta dell'album originale reca il seguente testo ms autografo: ""Vol. 1. Raccolta di n. 270 vedute della Città di Faenza, Subborghi ed alcune Villeggiature appartenenti a detta Città. Queste vedute furono incominciate sin dal anno 1823 è [sic] in più volte seguite è lasciate, avendole fatte sempre in quel tempo che rimanevano d'agio ho di spasso. Sono, dette vedute, state poste a termine la mattina del 14 settembre 1842, giorno fatale per la memorabile piena delle acque condotte nel fiume, di modoche era la fiumana superiore alle archate da 3 Metri e per due ore il ponte stesso chiuso, poi non potendo più regere allo urto del acqua, sulle 10 e 3/4 della mattina cadde, rovinado [sic] la pilla dalla parte della città, poscia per consenso mancando lapoggio del Arco di Mezzo la Torre che sorregevasi sul altra pila tardò un quattro minuti e rovinò anch'essa ed ebbe morte e tomba in un punto stesso e la stessa mattina io acquerelando la penultima veduta di questa raccolta. Romolo Pittore negli anni 33 di mia vita."" Il disegno in origine apparteneva ad un album; tale album, però, durante l'ultimo restauro, ha subito il distacco della coperta e della legatura, ed ora i disegni sono conservati sciolti in una scatola, indicata come album n. 7. L'iscrizione sul verso si riferisce al disegno successivo all'interno dell'album originario. ",donazione,Arnaldo Minardi,1932,,Comune di Faenza,https://bbcc.regione.emilia-romagna.it/pater/data/ravenna/lc-00112/lc-00112_01/219451-album7-tav15-r.jpg,https://bbcc.regione.emilia-romagna.it/pater/data/ravenna/lc-00112/lc-00112_03/219451-album7-tav15-v.jpg,1823,1842
205186,disegno,"Porta Ravegnana, Faenza",Italia,Emilia-Romagna,RA,Faenza,Biblioteca Comunale Manfrediana,Disegni e acquerelli di Romolo Liverani - Repertorio 9,219452 Album 7 - tav. 16,Liverani Romolo,21,28,cm.,carta/ penna/ acquarello,buono,"Macchiato e sfrangiato lungo il lato superiore, causa il nastro adesivo, ora rimosso, utilizzato per tenerlo adeso al passepartout",,"La prima carta dell'album originale reca il seguente testo ms autografo: ""Vol. 1. Raccolta di n. 270 vedute della Città di Faenza, Subborghi ed alcune Villeggiature appartenenti a detta Città. Queste vedute furono incominciate sin dal anno 1823 è [sic] in più volte seguite è lasciate, avendole fatte sempre in quel tempo che rimanevano d'agio ho di spasso. Sono, dette vedute, state poste a termine la mattina del 14 settembre 1842, giorno fatale per la memorabile piena delle acque condotte nel fiume, di modoche era la fiumana superiore alle archate da 3 Metri e per due ore il ponte stesso chiuso, poi non potendo più regere allo urto del acqua, sulle 10 e 3/4 della mattina cadde, rovinado [sic] la pilla dalla parte della città, poscia per consenso mancando lapoggio del Arco di Mezzo la Torre che sorregevasi sul altra pila tardò un quattro minuti e rovinò anch'essa ed ebbe morte e tomba in un punto stesso e la stessa mattina io acquerelando la penultima veduta di questa raccolta. Romolo Pittore negli anni 33 di mia vita."" Il disegno in origine apparteneva ad un album; tale album, però, durante l'ultimo restauro, ha subito il distacco della coperta e della legatura, ed ora i disegni sono conservati sciolti in una scatola, indicata come album n. 7. L'iscrizione sul verso si riferisce al disegno successivo all'interno dell'album originario, mantre l'iscrizione relativa a questo disegno è: Veduta esterna di Porta Ravegnana in Faenza. ",donazione,Arnaldo Minardi,1932,,Comune di Faenza,https://bbcc.regione.emilia-romagna.it/pater/data/ravenna/lc-00112/lc-00112_01/219452-album7-tav16-r.jpg,https://bbcc.regione.emilia-romagna.it/pater/data/ravenna/lc-00112/lc-00112_03/219452-album7-tav16-v.jpg,1823,1842
205256,disegno,"Veduta esterna delle carceri pubbliche dette di S. Domenico, Faenza.",Italia,Emilia-Romagna,RA,Faenza,Biblioteca Comunale Manfrediana,Disegni e acquerelli di Romolo Liverani - Repertorio 9,219468 Album 7 - tav. 32,Liverani Romolo,23,28,cm.,carta/ penna/ acquarello,buono,"Macchiato e sfrangiato lungo il margine superiore a causa del nastro adesivo, ora rimosso.
","L'antica chiesa di S. Andrea in Vineis dell'Ordine dei Domenicani, era stata rifatta dall'architetto Francesco Tadolini, bolognese, nel 1760-65. Durante la costruzione della cupola, causa un crollo, morì il capomastro costruttore Pietro Tomba, avo del più conosciuto Pietro il giovane.
In questa specifica tavola è rappresentata la parte retrostante del convento, sulle mura carceri, così chiamate in seguito a tale utilizzazione del convento dopo la soppressione all'epoca del dominio francese.","La prima carta dell'album originale, che conteneva il disegno, reca il seguente testo manoscritto autografo: ""Vol. 1. Raccolta di n. 270 vedute della Città di Faenza, Subborghi ed alcune Villeggiature appartenenti a detta Città. Queste vedute furono incominciate sin dal anno 1823 è [sic] in più volte seguite è lasciate, avendole fatte sempre in quel tempo che rimanevano d'agio ho di spasso. Sono, dette vedute, state poste a termine la mattina del 14 settembre 1842, giorno fatale per la memorabile piena delle acque condotte nel fiume, di modoche era la fiumana superiore alle archate da 3 Metri e per due ore il ponte stesso chiuso, poi non potendo più regere allo urto del acqua, sulle 10 e 3/4 della mattina cadde, rovinado [sic] la pilla dalla parte della città, poscia per consenso mancando lapoggio del Arco di Mezzo la Torre che sorregevasi sul altra pila tardò un quattro minuti e rovinò anch'essa ed ebbe morte e tomba in un punto stesso e la stessa mattina io acquerelando la penultima veduta di questa raccolta. Romolo Pittore negli anni 33 di mia vita."" Tale album, però, durante l'ultimo restauro, ha subito il distacco della coperta e della legatura, ed ora i disegni sono conservati sciolti in una scatola, indicata come album n. 7. L'iscrizione sul verso del disegno si riferisce al disegno successivo all'interno dell'album originario, mentre  l'iscrizione relativa a questo disegno lo definisce: Veduta esterna delle carceri pubbliche dette di S. Domenico in Faenza.",donazione,Arnaldo Minardi,1932,,Comune di Faenza,https://bbcc.regione.emilia-romagna.it/pater/data/ravenna/lc-00112/lc-00112_01/219468-album7-tav32-r.jpg,https://bbcc.regione.emilia-romagna.it/pater/data/ravenna/lc-00112/lc-00112_03/219468-album7-tav32-v.jpg,1823,1842
205266,disegno,,Italia,Emilia-Romagna,RA,Faenza,Biblioteca Comunale Manfrediana,Disegni e acquerelli di Romolo Liverani - Repertorio 9,219471 Album 7 - tav. 35,Liverani Romolo,28,21,cm.,carta/ penna/ acquarello,buono,"Macchiato e sfrangiato lungo il lato sinistro, a causa del nastro adesivo, ora rimosso, utilizzato per tenerlo adeso al passepartout.",,"La prima carta dell'album originale, che conteneva il disegno, reca il seguente testo manoscritto autografo: ""Vol. 1. Raccolta di n. 270 vedute della Città di Faenza, Subborghi ed alcune Villeggiature appartenenti a detta Città. Queste vedute furono incominciate sin dal anno 1823 è [sic] in più volte seguite è lasciate, avendole fatte sempre in quel tempo che rimanevano d'agio ho di spasso. Sono, dette vedute, state poste a termine la mattina del 14 settembre 1842, giorno fatale per la memorabile piena delle acque condotte nel fiume, di modoche era la fiumana superiore alle archate da 3 Metri e per due ore il ponte stesso chiuso, poi non potendo più regere allo urto del acqua, sulle 10 e 3/4 della mattina cadde, rovinado [sic] la pilla dalla parte della città, poscia per consenso mancando lapoggio del Arco di Mezzo la Torre che sorregevasi sul altra pila tardò un quattro minuti e rovinò anch'essa ed ebbe morte e tomba in un punto stesso e la stessa mattina io acquerelando la penultima veduta di questa raccolta. Romolo Pittore negli anni 33 di mia vita."" Tale album, però, durante l'ultimo restauro, ha subito il distacco della coperta e della legatura, ed ora i disegni sono conservati sciolti in una scatola, indicata come album n. 7. 
Il presente foglio è suddiviso in due parti, ognuna delle quali reca un disegno: 1) Veduta degli avanzi del Castello di Riolo, 6. miglia sopra Faenza e 2) Nelle vicinanze di Faenza.",donazione,Arnaldo Minardi,1932,,Comune di Faenza,https://bbcc.regione.emilia-romagna.it/pater/data/ravenna/lc-00112/lc-00112_01/219471-album7-tav35-r.jpg,https://bbcc.regione.emilia-romagna.it/pater/data/ravenna/lc-00112/lc-00112_03/219471-album7-tav35-v.jpg,1823,1842
205268,disegno,Cortile della cisterna dei frati cappuccini fuori Faenza.,Italia,Emilia-Romagna,RA,Faenza,Biblioteca Comunale Manfrediana,Disegni e acquerelli di Romolo Liverani - Repertorio 9,219475 Album 7 - tav. 39,Liverani Romolo,22,29,cm.,carta/ penna/ acquarello,buono,"Macchiato lungo il lato superiore a causa del nastro adesivo, ora rimosso.","Il convento dei Cappuccini, costruito alla fine del Cinquecento nelle vicinanze della città, ma in aperta campagna, lungo il canale che alimentava i molini entro l'abitato, ebbe varie aggiunte di carattere settecentesco, come il portichetto della chiesa e il pilastro di testata del muro: si era mantenuto fino a circa la metà del Ventesimo secolo, quale lo disegnò Liverani nella prima metà dell'Ottocento. E' rimasta riconoscibile solo la parte retrostante del Convento con il muro della clausura e le cappelle. Ora tutto è mutato e la zona rientra nella fascia urbanizzata.
In questa tavola la vista si apre sul cortile dei frati Cappuccini di Faenza e, come sempre accade con Liverani, la veduta acquista un valore conoscitivo non certo marginale per uno scenografo. L'inesauribile vena di Romolo, infatti è stimolata tanto dal sogno romantico e dal verosimile teatrale quanto dal vero, poichè è il reale a fornire pretesto e soggetto al verosimile. ","La prima carta dell'album originale, che conteneva il disegno, reca il seguente testo manoscritto autografo: ""Vol. 1. Raccolta di n. 270 vedute della Città di Faenza, Subborghi ed alcune Villeggiature appartenenti a detta Città. Queste vedute furono incominciate sin dal anno 1823 è [sic] in più volte seguite è lasciate, avendole fatte sempre in quel tempo che rimanevano d'agio ho di spasso. Sono, dette vedute, state poste a termine la mattina del 14 settembre 1842, giorno fatale per la memorabile piena delle acque condotte nel fiume, di modoche era la fiumana superiore alle archate da 3 Metri e per due ore il ponte stesso chiuso, poi non potendo più regere allo urto del acqua, sulle 10 e 3/4 della mattina cadde, rovinado [sic] la pilla dalla parte della città, poscia per consenso mancando lapoggio del Arco di Mezzo la Torre che sorregevasi sul altra pila tardò un quattro minuti e rovinò anch'essa ed ebbe morte e tomba in un punto stesso e la stessa mattina io acquerelando la penultima veduta di questa raccolta. Romolo Pittore negli anni 33 di mia vita."" Tale album, però, durante l'ultimo restauro, ha subito il distacco della coperta e della legatura, ed ora i disegni sono conservati sciolti in una scatola, indicata come album n. 7. L'iscrizione sul verso del disegno si riferisce al disegno successivo all'interno dell'album originario, mentre l'iscrizione relativa a questo disegno lo definisce: Cortile della cisterna dei frati cappuccini, fuori di Faenza.",donazione,Arnaldo Minardi,1932,,Comune di Faenza,https://bbcc.regione.emilia-romagna.it/pater/data/ravenna/lc-00112/lc-00112_01/219475-album7-tav39-r.jpg,https://bbcc.regione.emilia-romagna.it/pater/data/ravenna/lc-00112/lc-00112_03/219475-album7-tav39-v.jpg,1823,1842
206948,disegno,"Veduta di Brisighella comprendente: il Torrione, la Rocca, il Monticino, Rontana e la Torre di Calamello.",Italia,Emilia-Romagna,RA,Faenza,Biblioteca Comunale Manfrediana,Disegni e acquerelli di Romolo Liverani - Repertorio 9,"898 Album 2 - tav. 86, dis. 122",Liverani Romolo,"21,5",31,cm.,carta/ penna/ acquarello,discreto,"Evidenti restauri con carta giapponese ad integrazione delle lacune in corrispondenza del lato sinistro, dell'angolo inferiore destro e lungo la piegatura centrale, quest'ultima dovuta alla antica legatura. ",,"Il disegno in origine apparteneva ad un album; tale album, però, durante l'ultimo restauro, ha subito il distacco della coperta e della legatura, ed ora i disegni sono conservati sciolti in una scatola, indicata come album n. 2. Sull'altro lato della tavola sono raffiugurati una lunetta con bassorilievo della pieve del Tho ed una veduta di Brisighella con ponte sul Lamone.",donazione,Arnaldo Minardi,1932,,Comune di Faenza,https://bbcc.regione.emilia-romagna.it/pater/data/ravenna/lc-00112/lc-00112_01/898-album2-tav87.jpg,,1830,1840
212122,disegno,Interno di un teatro.,Italia,Emilia-Romagna,RA,Faenza,Biblioteca Comunale Manfrediana,Disegni e acquerelli di Romolo Liverani - Repertorio 9,219128 Album 5 - tav. 8,Liverani Romolo,21,28,cm.,carta/ penna/ acquarello,buono,Macchiato lungo il margine superiore a causa del nastro adesivo utilizzato per fissarlo al passe-par-tout.,L'iscrizione relativa a questo disegno lo definisce come interno di un teatro.,"Il disegno appartiene all'album sciolto n. 5. Esso contiene disegni a penna acquarellati non sempre d'invenzione, ma studi da stampe di altri scenografi: Angelo Belloni, Pietro Piani, Antonio Basoli, Francesco Fontanesi, Clemente Caldesi, Pelagalli, oltre a bozzetti per prospettive dipinte. L'iscrizione sul verso si riferisce alla tavola successiva.",donazione,Arnaldo Minardi,1932,,Comune di Faenza,https://bbcc.regione.emilia-romagna.it/pater/data/ravenna/lc-00112/lc-00112_07/219128-album5-tav8-r.jpg,https://bbcc.regione.emilia-romagna.it/pater/data/ravenna/lc-00112/lc-00112_07/219128-album5-tav8-v.jpg,1824,1825
205276,disegno,"Veduta della piazza di S. Rocco, Faenza",Italia,Emilia-Romagna,RA,Faenza,Biblioteca Comunale Manfrediana,Disegni e acquerelli di Romolo Liverani - Repertorio 9,219480 Album 7 - tav. 44,Liverani Romolo,21,29,cm.,carta/ penna/ acquarello,discreto,"Macchiato lungo il margine superiore a causa del nastro adesivo, ora rimosso. Piccola lacuna lungo il margine inferiore, sulla parte destra.","""Questa veduta schizzata da R. Liverani rappresenta la chiesa di S. Rocco con la piazzetta omonima, così come si vedeva nella prima metà del secolo scorso, cioè con l'incompleta facciata cinquecentesca e il campanile mozzo. Inoltre, a sinistra, a ridosso del fabbricato che era sede della Confraternita, si vede il capannone col tetto spiovente che racchiudeva le ultime arcate di quello che fu l'antico portico della Fiera e che univa S. Rocco alla primitiva facciata di S. Maria Vecchia. Nella trasformazione, eseguita poco dopo la metà del secolo scorso, che volle essere anche ammodernamento della chiesa, auspice, probabilmente, lo stesso Liverani (vedi decorazioni all'interno della chiesa) fu costruita la cella sul tronco del campanile e uniformata la facciata, tirando su una cortina in mattoni sulle sagomature e cornici cinquecentesche; eliminato il timpano, l'occhio rotondo si dilatò in ovale accecato e rimase solo il vano della finestra centrale. Capannone e ultime due arcate dell'antico portico furono demolite circa trentacinque anni fa. Si noti l'originale sagomatura a forma di croce sul monte che avevano le valve della porta della chiesa in cui la porticina di uso giornaliero era racchiusa nella parte inferiore."" E. Golfieri. ","La prima carta dell'album originale, che conteneva il disegno, reca il seguente testo manoscritto autografo: ""Vol. 1. Raccolta di n. 270 vedute della Città di Faenza, Subborghi ed alcune Villeggiature appartenenti a detta Città. Queste vedute furono incominciate sin dal anno 1823 è [sic] in più volte seguite è lasciate, avendole fatte sempre in quel tempo che rimanevano d'agio ho di spasso. Sono, dette vedute, state poste a termine la mattina del 14 settembre 1842, giorno fatale per la memorabile piena delle acque condotte nel fiume, di modoche era la fiumana superiore alle archate da 3 Metri e per due ore il ponte stesso chiuso, poi non potendo più regere allo urto del acqua, sulle 10 e 3/4 della mattina cadde, rovinado [sic] la pilla dalla parte della città, poscia per consenso mancando lapoggio del Arco di Mezzo la Torre che sorregevasi sul altra pila tardò un quattro minuti e rovinò anch'essa ed ebbe morte e tomba in un punto stesso e la stessa mattina io acquerelando la penultima veduta di questa raccolta. Romolo Pittore negli anni 33 di mia vita."" Tale album, però, durante l'ultimo restauro, ha subito il distacco della coperta e della legatura, ed ora i disegni sono conservati sciolti in una scatola, indicata come album n. 7. L'iscrizione sul verso del disegno si riferisce al disegno successivo all'interno dell'album originario, mentre l'iscrizione relativa a questo disegno lo definisce: Veduta della piazza di S. Rocco in Faenza.",donazione,Arnaldo Minardi,1932,,Comune di Faenza,https://bbcc.regione.emilia-romagna.it/pater/data/ravenna/lc-00112/lc-00112_01/219480-album7-tav44-r.jpg,https://bbcc.regione.emilia-romagna.it/pater/data/ravenna/lc-00112/lc-00112_03/219480-album7-tav44-v.jpg,1823,1842
205278,disegno,Veduta del primo chiostro dei frati Zoccolanti fuori Faenza,Italia,Emilia-Romagna,RA,Faenza,Biblioteca Comunale Manfrediana,Disegni e acquerelli di Romolo Liverani - Repertorio 9,219481 Album 7 - tav. 45,Liverani Romolo,22,29,cm.,carta/ penna/ acquarello,buono,"Macchiato e sfrangiato lungo il margine superiore a causa del nastro adesivo utilizzato per tenerlo adeso al passepartout, ora rimosso.","Nella località fuori Porta Montanara, che nel medioevo era stata dell'Abbazia di S.S. Perpetua e Felicita (trasferitasi in seguito presso il molino del Portello), sorse nel 1444 un convento dei frati dell'Osservanza, con chiesa annessa dedicata a S. Girolamo. Nei disegni di Liverani è ancora visibile la struttura quattrocentesca della facciata con lesene e rosone, del fianco e della parte retrostante. Anche all'interno sono riconoscibili caratteri quattrocenteschi nel presbiterio e nell'abside. La chiesa fu particolarmente cara ai Manfredi, che vi avevano posto la sepoltura di famiglia. Il portichetto è un'aggiunta più tarda, forse settecentesca. Intorno al 1820 vi fu sistemato il Cimitero Comunale, trasferito dalla zona di S. Rocco, fuori porta Ravegnana. Pietro Tomba trasformò la chiesa all'interno con volta a botte di cannicciato e decorazioni di tipo neoclassico, e all'esterno addossò una facciata sempre neoclassica alla preesistente, che venne a sua volta sostituita nel 1858 da quella attuale di Costantino Galli.
Al chiostro originario del convento se ne aggiunsero altri a destra della chiesa nel 1860 ad uso cimiteriale, e a sinistra nel 1880, opera, questi ultimi, dell'ing. Achille Ubaldini.","La prima carta dell'album originale, che conteneva il disegno, reca il seguente testo manoscritto autografo: ""Vol. 1. Raccolta di n. 270 vedute della Città di Faenza, Subborghi ed alcune Villeggiature appartenenti a detta Città. Queste vedute furono incominciate sin dal anno 1823 è [sic] in più volte seguite è lasciate, avendole fatte sempre in quel tempo che rimanevano d'agio ho di spasso. Sono, dette vedute, state poste a termine la mattina del 14 settembre 1842, giorno fatale per la memorabile piena delle acque condotte nel fiume, di modoche era la fiumana superiore alle archate da 3 Metri e per due ore il ponte stesso chiuso, poi non potendo più regere allo urto del acqua, sulle 10 e 3/4 della mattina cadde, rovinado [sic] la pilla dalla parte della città, poscia per consenso mancando lapoggio del Arco di Mezzo la Torre che sorregevasi sul altra pila tardò un quattro minuti e rovinò anch'essa ed ebbe morte e tomba in un punto stesso e la stessa mattina io acquerelando la penultima veduta di questa raccolta. Romolo Pittore negli anni 33 di mia vita."" Tale album, però, durante l'ultimo restauro, ha subito il distacco della coperta e della legatura, ed ora i disegni sono conservati sciolti in una scatola, indicata come album n. 7. L'iscrizione sul verso del disegno si riferisce al disegno successivo all'interno dell'album originario, mentre l'iscrizione relativa a questo lo definisce: Veduta del primo chiostro dei frati Zoccolanti fuori Faenza.",donazione,Arnaldo Minardi,1932,,Comune di Faenza,https://bbcc.regione.emilia-romagna.it/pater/data/ravenna/lc-00112/lc-00112_01/219481-album7-tav45-r.jpg,https://bbcc.regione.emilia-romagna.it/pater/data/ravenna/lc-00112/lc-00112_03/219481-album7-tav45-v.jpg,1823,1842
205279,disegno,"Veduta del borgo di Porta Ravegnana, Faenza",Italia,Emilia-Romagna,RA,Faenza,Biblioteca Comunale Manfrediana,Disegni e acquerelli di Romolo Liverani - Repertorio 9,219482 Album 7 - tav. 46,Liverani Romolo,21,28,cm.,carta/ penna/ acquarello,discreto,"Macchiato lungo il margine superiore a causa del nastro adesivo, ora rimosso. Sfrangiato lungo i lati sinistro e inferiore.","Qui è evidente l'intento di Liverani di ricondurre una veduta urbana della sua città al suo aspetto quotidiano, caratterizzandola con un'atmosfera popolare non ancora aggredita dai meccanismi di regolarizzazione edilizia ottocentesca. Case e luoghi pittoreschi e suggestivi, anche se ricondotti alla dimensione più vera e schietta della vita, acquistano una funzione evocatrice di luoghi e situazioni perenni. ","La prima carta dell'album originale, che conteneva il disegno, reca il seguente testo manoscritto autografo: ""Vol. 1. Raccolta di n. 270 vedute della Città di Faenza, Subborghi ed alcune Villeggiature appartenenti a detta Città. Queste vedute furono incominciate sin dal anno 1823 è [sic] in più volte seguite è lasciate, avendole fatte sempre in quel tempo che rimanevano d'agio ho di spasso. Sono, dette vedute, state poste a termine la mattina del 14 settembre 1842, giorno fatale per la memorabile piena delle acque condotte nel fiume, di modoche era la fiumana superiore alle archate da 3 Metri e per due ore il ponte stesso chiuso, poi non potendo più regere allo urto del acqua, sulle 10 e 3/4 della mattina cadde, rovinado [sic] la pilla dalla parte della città, poscia per consenso mancando lapoggio del Arco di Mezzo la Torre che sorregevasi sul altra pila tardò un quattro minuti e rovinò anch'essa ed ebbe morte e tomba in un punto stesso e la stessa mattina io acquerelando la penultima veduta di questa raccolta. Romolo Pittore negli anni 33 di mia vita."" Tale album, però, durante l'ultimo restauro, ha subito il distacco della coperta e della legatura, ed ora i disegni sono conservati sciolti in una scatola, indicata come album n. 7. L'iscrizione sul verso del disegno si riferisce al disegno successivo all'interno dell'album originario, mentre l'iscrizione relativa a questo disegno lo definisce: Veduta del borgo di Porta Ravegnana in Faenza.",donazione,Arnaldo Minardi,1932,,Comune di Faenza,https://bbcc.regione.emilia-romagna.it/pater/data/ravenna/lc-00112/lc-00112_01/219482-album7-tav46-r.jpg,https://bbcc.regione.emilia-romagna.it/pater/data/ravenna/lc-00112/lc-00112_03/219482-album7-tav46-v.jpg,1823,1842
205290,disegno,"Atrio della chiesa delle monache di S. Maglorio, Faenza",Italia,Emilia-Romagna,RA,Faenza,Biblioteca Comunale Manfrediana,Disegni e acquerelli di Romolo Liverani - Repertorio 9,219484 Album 7 - tav. 48,Liverani Romolo,21,29,cm.,carta/ penna/ acquarello,buono,"Macchiato lungo il margine superiore a causa del nastro adesivo, ora rimosso. Sfrangiature lungo il margine inferiore.","""Il disegno fa vedere com'era, nella prima metà del secolo scorso, l'ingresso alla chiesa del convento delle Camaldolesi di S. Maglorio col portone ripreso dall'interno sotto il portico della chiesa stessa. L'area ai lati del vicoletto che si apre, come oggi, su via Campidori, là ove è ora la Casa del Prete, era in gran parte scoperta e tenuta a orto-giardino; solo un lungo corridoio che proseguiva a lato del cortiletto fino alla chiesa, metteva questa in comunicazione col convento che aveva il suo ingresso separato a fianco del portone anzidetto. Dall'altra parte, verso levante, c'era già un corpo di fabbrica più o meno come l'attuale. Il portone e il cortiletto ci sono ancora, ma è scomparso, nel dopo-guerra,  il settecentesco coretto delle suore che sovrastava al porticato sul fronte della chiesa. La struttura del porticato, che fa da atrio alla chiesa, fa parte di una sistemazione cinquecentesca, mentre la chiesa risaliva al secolo precedente. L'insieme ha poi subito modifiche ed interventi vari, dal secolo XVI fino al XIX. Nella tavola successiva [Cortiletto ed atrio d'ingresso alla chiesa di S. Maglorio] si vedrà lo stesso cortiletto, con punto di vista capovolto, dall'ingresso verso la Chiesa."" E. Golfieri","La prima carta dell'album originale, che conteneva il disegno, reca il seguente testo manoscritto autografo: ""Vol. 1. Raccolta di n. 270 vedute della Città di Faenza, Subborghi ed alcune Villeggiature appartenenti a detta Città. Queste vedute furono incominciate sin dal anno 1823 è [sic] in più volte seguite è lasciate, avendole fatte sempre in quel tempo che rimanevano d'agio ho di spasso. Sono, dette vedute, state poste a termine la mattina del 14 settembre 1842, giorno fatale per la memorabile piena delle acque condotte nel fiume, di modoche era la fiumana superiore alle archate da 3 Metri e per due ore il ponte stesso chiuso, poi non potendo più regere allo urto del acqua, sulle 10 e 3/4 della mattina cadde, rovinado [sic] la pilla dalla parte della città, poscia per consenso mancando lapoggio del Arco di Mezzo la Torre che sorregevasi sul altra pila tardò un quattro minuti e rovinò anch'essa ed ebbe morte e tomba in un punto stesso e la stessa mattina io acquerelando la penultima veduta di questa raccolta. Romolo Pittore negli anni 33 di mia vita."" Tale album, però, durante l'ultimo restauro, ha subito il distacco della coperta e della legatura, ed ora i disegni sono conservati sciolti in una scatola, indicata come album n. 7. L'iscrizione sul verso si riferisce al disegno successivo all'interno dell'album originario, mentre l'iscrizione relativa al presente disegno lo definisce: Veduta dell'atrio della chiesa delle monache di S. Maglorio in Faenza.",donazione,Arnaldo Minardi,1932,,Comune di Faenza,https://bbcc.regione.emilia-romagna.it/pater/data/ravenna/lc-00112/lc-00112_01/219484-album7-tav48-r.jpg,https://bbcc.regione.emilia-romagna.it/pater/data/ravenna/lc-00112/lc-00112_03/219484-album7-tav48-v.jpg,1823,1842
213126,disegno,Prospettiva di corridoio presso il convento dei Servi di Faenza.,Italia,Emilia-Romagna,RA,Faenza,Biblioteca Comunale Manfrediana,Disegni e acquerelli di Romolo Liverani - Repertorio 9,219279 Album 5 - tav. 91,Liverani Romolo,29,22,cm.,carta/ penna/ acquarello,buono,Macchiato sul verso lungo il lato superiore a causa del nastro adesivo utilizzato per tenerlo adeso al passepartout. Taglio netto di circa sei centimetri parallelo al lato inferiore.,"L'iscrizione relativa a questo disegno lo definisce come prospettiva dipinta nel 1825 presso il convento dei Servi di Faenza, attuale sede della Biblioteca comunale.","Il disegno appartiene all'album sciolto n. 5. Esso contiene 98 disegni a penna acquarellati non sempre d'invenzione, ma studi da stampe di altri scenografi: Angelo Belloni, Pietro Piani, Antonio Basoli, Francesco Fontanesi, Clemente Caldesi, Pelagalli, oltre a bozzetti per prospettive dipinte. ",donazione,Arnaldo Minardi,1932,,Comune di Faenza,https://bbcc.regione.emilia-romagna.it/pater/data/ravenna/lc-00112/lc-00112_08/219279_album5_tav91_r.jpg,https://bbcc.regione.emilia-romagna.it/pater/data/ravenna/lc-00112/lc-00112_08/219279_album5_tav91_v.jpg,1824,1825
213135,disegno,Prospettiva di ingresso a due porticati presso il convento dei Servi di Faenza.,Italia,Emilia-Romagna,RA,Faenza,Biblioteca Comunale Manfrediana,Disegni e acquerelli di Romolo Liverani - Repertorio 9,219281 Album 5 - tav. 93,Liverani Romolo,22,38,cm.,carta/ penna/ acquarello,discreto,"Macchiato sul verso lungo il lato superiore a causa del nastro adesivo utilizzato per tenerlo adeso al passepartout. Evidente lacuna in corrispondenza dell'angolo inferiore sinistro. Fioritura di foxing lungo il lato inferiore, piegatura di adattamento alle misure dell'album parallela al lato sinistro.","L'iscrizione relativa a questo disegno, presente sul verso del disegno precedente, lo definisce come prospettiva eseguita nell'ingresso delle scuole dei Servi di Faenza (attuale sede della Biblioteca comunale) nell'anno 1825. “Gli esordi di Romolo nella decorazione murale mostrano la piena adesione a quel genere prospettico ampiamente diffuso in area emiliana già dall'epoca dei fasti del quadraturismo bolognese, poi ricondotto nei termini di maggior severità e controllo in epoca neoclassica, filtrato infine in accademie e scuole come quella faentina. Le prospettive del Liverani si espandono nelle pareti assumendo la funzione di fantasie illusionistiche di finte architetture dipinte secondo le regole della visione reale, fin dai primi esempi precocemente datati 1825 in case faentine”. M. Vitali","Il disegno appartiene all'album sciolto n. 5. Esso contiene 98 disegni a penna acquarellati non sempre d'invenzione, ma studi da stampe di altri scenografi: Angelo Belloni, Pietro Piani, Antonio Basoli, Francesco Fontanesi, Clemente Caldesi, Pelagalli, oltre a bozzetti per prospettive dipinte. ",donazione,Arnaldo Minardi,1932,,Comune di Faenza,https://bbcc.regione.emilia-romagna.it/pater/data/ravenna/lc-00112/lc-00112_08/219281_album5_tav93_r.jpg,https://bbcc.regione.emilia-romagna.it/pater/data/ravenna/lc-00112/lc-00112_08/219281_album5_tav93_v.jpg,1824,1825
205794,disegno,Veduta del monte della Querzola con vista del castello di Rontana e di monte Mauro sopra Castel Bolognese.,Italia,Emilia-Romagna,RA,Faenza,Biblioteca Comunale Manfrediana,Disegni e acquerelli di Romolo Liverani - Repertorio 9,"218893 Album 2 - tav. 102, dis. 141",Liverani Romolo,"15,5","21,5",cm.,carta/ penna/ acquarello,buono,Macchiato lungo il lato superiore a causa del nastro adesivo (ora asportato) utilizzato per tenerlo adeso al passe-par-tout. Visibile sul recto del disegno l'inchiostro dell'iscrizione eseguita sul verso.,,"Il disegno appartiene ad un album sciolto, composto da 228 tavole di cm. 22 x 15,5, con disegni a penna acquarellati in grigio; poiché alcune tavole comprendono diversi soggetti, i disegni sommano in totale a 275. I soggetti sono di genere teatrale, sia specificamente per melodrammi e commedie, sia per scene di genere: alcuni sono tratti da stampe ma finalizzati all'esercitazione su un repertorio di immagini e fonti per soggetti teatrali. Si fa eccezione per alcuni precisi nuclei di vedute: Recanati e dintorni (n. 2-9; 59-64), Brisighella (n. 72-94), Castel Bolognese e dintorni (n. 94-104). Le note di Liverani si riferiscono all'utilizzo di alcuni disegni per lavori realizzati tra il 1838 e il 1843.",donazione,Arnaldo Minardi,1932,,Comune di Faenza,https://bbcc.regione.emilia-romagna.it/pater/data/ravenna/lc-00112/lc-00112_01/218893-album2-tav102-r.jpg,https://bbcc.regione.emilia-romagna.it/pater/data/ravenna/lc-00112/lc-00112_02/218893-album2-tav102-v.jpg,1830,1840
205115,disegno,"Atrio e chiostro dei Servi, Faenza",Italia,Emilia-Romagna,RA,Faenza,Biblioteca Comunale Manfrediana,Disegni e acquerelli di Romolo Liverani - Repertorio 9,219483 Album 7 - tav. 47,Liverani Romolo,"21,2","28,2",cm.,carta/ penna/ acquarello,buono,"Macchiato e sfrangiato lungo il lato superiore a causa del nastro adesivo, ora rimosso.","L'atrio qui rappresentato fa parte dei locali dell'ex convento dei Servi di Faenza, acquistati dal Comune nel 1823 e subito destinati, dopo il restauro effettuato da Giuseppe Sangiorgi nel 1824, a Pubblico Ginnasio, Pinacoteca e scuola di disegno. Tale atrio fu sistemato nei locali della Compagnia dell'Incoronata, con ingresso sul piazzale antistante la chiesa.
Gli ambienti faentini raffigurati da Liverani sono intravvisti nel loro aspetto quotidiano, ma ricchi di dignità per essere quinta di una scena, se non un principale o il fondale, quando la vista si apre al di là di atrii, logge o scorci improvvisi; case e luoghi pittoreschi e suggestivi, anche se ricondotti alla dimensione più vera e schietta della vita, acquistano una funzione evocatrice di luoghi e situazioni perenni","La prima carta dell'album originale reca il seguente testo ms autografo: ""Vol. 1. Raccolta di n. 270 vedute della Città di Faenza, Subborghi ed alcune Villeggiature appartenenti a detta Città. Queste vedute furono incominciate sin dal anno 1823 è [sic] in più volte seguite è lasciate, avendole fatte sempre in quel tempo che rimanevano d'agio ho di spasso. Sono, dette vedute, state poste a termine la mattina del 14 settembre 1842, giorno fatale per la memorabile piena delle acque condotte nel fiume, di modoche era la fiumana superiore alle archate da 3 Metri e per due ore il ponte stesso chiuso, poi non potendo più regere allo urto del acqua, sulle 10 e 3/4 della mattina cadde, rovinado [sic] la pilla dalla parte della città, poscia per consenso mancando lapoggio del Arco di Mezzo la Torre che sorregevasi sul altra pila tardò un quattro minuti e rovinò anch'essa ed ebbe morte e tomba in un punto stesso e la stessa mattina io acquerelando la penultima veduta di questa raccolta. Romolo Pittore negli anni 33 di mia vita."" Il disegno in origine apparteneva ad un album; tale album, però, durante l'ultimo restauro, ha subito il distacco della coperta e della legatura, ed ora i disegni sono conservati sciolti in una scatola, indicata come album n. 7. L'iscrizione sul verso si riferisce al disegno successivo all'interno dell'album originario, mentre l'iscrizione relativa a questo disegno è:	Veduta dell'atrio nel Pubblico Ginnasio delle Scuole in Faenza.",donazione,Arnaldo Minardi,1932,,Comune di Faenza,https://bbcc.regione.emilia-romagna.it/pater/data/ravenna/lc-00112/lc-00112_01/219483-album7-tav47-r.jpg,https://bbcc.regione.emilia-romagna.it/pater/data/ravenna/lc-00112/lc-00112_03/219483-album7-tav47-v.jpg,1823,1842
205121,disegno,"Villa Rotonda, Faenza",Italia,Emilia-Romagna,RA,Faenza,Biblioteca Comunale Manfrediana,Disegni e acquerelli di Romolo Liverani - Repertorio 9,219436 Album 7 - tav. 1,Liverani Romolo,20,28,cm.,carta/ penna/ acquarello,buono,"Macchiato e sfrangiato lungo il lato superiore a causa del nastro adesivo, ora rimosso.","L'iscrizione relativa a questo disegno lo descrive come Veduta della Rotonda Villeggiatura di casa Laderchi. Fuori di Porta Montanara dalle Bocche dei Canali, Faenza. Antecedente e fonte d'ispirazione per il lavoro scenografico di Liverani, è la pittura di paesaggio, divenuta a Faenza con Pietro Piani un genere elegiaco ed intimista. Siamo di fronte ad un acquerello a più colori, grazie ai quali viene sottolineata la semplictà dell'impianto, unica veduta centrale ed ombre oblique e radenti. ","La prima carta dell'album originale reca il seguente testo ms autografo: ""Vol. 1. Raccolta di n. 270 vedute della Città di Faenza, Subborghi ed alcune Villeggiature appartenenti a detta Città. Queste vedute furono incominciate sin dal anno 1823 è [sic] in più volte seguite è lasciate, avendole fatte sempre in quel tempo che rimanevano d'agio ho di spasso. Sono, dette vedute, state poste a termine la mattina del 14 settembre 1842, giorno fatale per la memorabile piena delle acque condotte nel fiume, di modoche era la fiumana superiore alle archate da 3 Metri e per due ore il ponte stesso chiuso, poi non potendo più regere allo urto del acqua, sulle 10 e 3/4 della mattina cadde, rovinado [sic] la pilla dalla parte della città, poscia per consenso mancando lapoggio del Arco di Mezzo la Torre che sorregevasi sul altra pila tardò un quattro minuti e rovinò anch'essa ed ebbe morte e tomba in un punto stesso e la stessa mattina io acquerelando la penultima veduta di questa raccolta. Romolo Pittore negli anni 33 di mia vita."" Il disegno in origine apparteneva ad un album; tale album, però, durante l'ultimo restauro, ha subito il distacco della coperta e della legatura, ed ora i disegni sono conservati sciolti in una scatola, indicata come album n. 7. L'iscrizione sul verso si riferisce al disegno successivo all'interno dell'album originario.",donazione,Arnaldo Minardi,1932,,Comune di Faenza,https://bbcc.regione.emilia-romagna.it/pater/data/ravenna/lc-00112/lc-00112_01/219436-album7-tav1-r.jpg,https://bbcc.regione.emilia-romagna.it/pater/data/ravenna/lc-00112/lc-00112_03/219436-album7-tav1-v.jpg,1823,1842
205138,disegno,"Giardino con lago di Villa Gessi a Sarna, Faenza",Italia,Emilia-Romagna,RA,Faenza,Biblioteca Comunale Manfrediana,Disegni e acquerelli di Romolo Liverani - Repertorio 9,219440 Album 7 - tav. 4,Liverani Romolo,22,29,cm.,carta/ penna/ acquarello,buono,"Macchiato e sfrangiato lungo il margine superiore a causa del nastro adesivo, ora asportato, utilizzato per tenerlo adeso al passepartout.","La tavola rappresenta un tipico esempio del genere vedutista tanto praticato da Liverani, in cui il lago della Villa Gessi fuori Faenza è circondato da un apparato boschivo che diviene quasi una quinta teatrale. La presenza dell'uomo si avverte discreta, quasi impalpabile, tangibile caso mai, nel senso del fluire della storia che è fatta anche di attività quotidiane, ma ciò che Romolo vede è l'ambiente del suo personale spettacolo teatrale. Un'altra veduta del lago di Villa Gessi in Sarna, oggi conservata alla Pinacoteca Comunale di Faenza, venne utilizzata dal Liverani per il melodramma di Bellini La Straniera, messo in scena presso il Teatro comunale di Faenza per la stagione dell'autunno del 1843. L'iscrizione relativa a questo disegno lo descrive come Veduta del lago vicino alla Villeggiatura Gessi in Sarna. ","La prima carta dell'album originale reca il seguente testo ms autografo: ""Vol. 1. Raccolta di n. 270 vedute della Città di Faenza, Subborghi ed alcune Villeggiature appartenenti a detta Città. Queste vedute furono incominciate sin dal anno 1823 è [sic] in più volte seguite è lasciate, avendole fatte sempre in quel tempo che rimanevano d'agio ho di spasso. Sono, dette vedute, state poste a termine la mattina del 14 settembre 1842, giorno fatale per la memorabile piena delle acque condotte nel fiume, di modoche era la fiumana superiore alle archate da 3 Metri e per due ore il ponte stesso chiuso, poi non potendo più regere allo urto del acqua, sulle 10 e 3/4 della mattina cadde, rovinado [sic] la pilla dalla parte della città, poscia per consenso mancando lapoggio del Arco di Mezzo la Torre che sorregevasi sul altra pila tardò un quattro minuti e rovinò anch'essa ed ebbe morte e tomba in un punto stesso e la stessa mattina io acquerelando la penultima veduta di questa raccolta. Romolo Pittore negli anni 33 di mia vita."" Il disegno in origine apparteneva ad un album; tale album, però, durante l'ultimo restauro, ha subito il distacco della coperta e della legatura, ed ora i disegni sono conservati sciolti in una scatola, indicata come album n. 7. L'iscrizione sul verso si riferisce al disegno successivo all'interno dell'album originario.",donazione,Arnaldo Minardi,1932,,Comune di Faenza,https://bbcc.regione.emilia-romagna.it/pater/data/ravenna/lc-00112/lc-00112_01/219440-album7-tav4-r.jpg,https://bbcc.regione.emilia-romagna.it/pater/data/ravenna/lc-00112/lc-00112_03/219440-album7-tav4-v.jpg,1823,1842
205146,disegno,"Giardino della villa Zavoli detta Serra, fuori Faenza",Italia,Emilia-Romagna,RA,Faenza,Biblioteca Comunale Manfrediana,Disegni e acquerelli di Romolo Liverani - Repertorio 9,219443 Album 7 - tav. 7,Liverani Romolo,22,29,cm.,carta/ penna/ acquarello,buono,"Macchiato e sfrangiato lungo il lato superiore, causa il nastro adesivo, ora rimosso, utilizzato per tenerlo adeso al passepartout.",L'iscrizione relativa a questo disegno lo descrive come Veduta esterna della villeggiatura Zavoli detta Serra. Fuori Faenza miglia 10.,"La prima carta dell'album originale reca il seguente testo ms autografo: ""Vol. 1. Raccolta di n. 270 vedute della Città di Faenza, Subborghi ed alcune Villeggiature appartenenti a detta Città. Queste vedute furono incominciate sin dal anno 1823 è [sic] in più volte seguite è lasciate, avendole fatte sempre in quel tempo che rimanevano d'agio ho di spasso. Sono, dette vedute, state poste a termine la mattina del 14 settembre 1842, giorno fatale per la memorabile piena delle acque condotte nel fiume, di modoche era la fiumana superiore alle archate da 3 Metri e per due ore il ponte stesso chiuso, poi non potendo più regere allo urto del acqua, sulle 10 e 3/4 della mattina cadde, rovinado [sic] la pilla dalla parte della città, poscia per consenso mancando lapoggio del Arco di Mezzo la Torre che sorregevasi sul altra pila tardò un quattro minuti e rovinò anch'essa ed ebbe morte e tomba in un punto stesso e la stessa mattina io acquerelando la penultima veduta di questa raccolta. Romolo Pittore negli anni 33 di mia vita."" Il disegno in origine apparteneva ad un album; tale album, però, durante l'ultimo restauro, ha subito il distacco della coperta e della legatura, ed ora i disegni sono conservati sciolti in una scatola, indicata come album n. 7. L'iscrizione sul verso si riferisce al disegno successivo all'interno dell'album originario.",donazione,Arnaldo Minardi,1932,,Comune di Faenza,https://bbcc.regione.emilia-romagna.it/pater/data/ravenna/lc-00112/lc-00112_01/219443-album7-tav7-r.jpg,https://bbcc.regione.emilia-romagna.it/pater/data/ravenna/lc-00112/lc-00112_03/219443-album7-tav7-v.jpg,1823,1842
205147,disegno,"Stanzone degli Aranci e giardino di villa Zavoli detta Serra, fuori Faenza",Italia,Emilia-Romagna,RA,Faenza,Biblioteca Comunale Manfrediana,Disegni e acquerelli di Romolo Liverani - Repertorio 9,219444 Abum 7 - tav. 8,Liverani Romolo,22,29,cm.,carta/ penna/ acquarello,buono,"Macchiato e sfrangiato lungo il lato superiore, a causa del nastro adesivo, ora rimosso, utilizzato per tenerlo adeso al passepartout.",L'iscrizione relativa a questa disegno è: Veduta dello Stanzone degli Aranci e giardino della sù indicata villeggiatura [Zavoli a Faenza].,"La prima carta dell'album originale reca il seguente testo ms autografo: ""Vol. 1. Raccolta di n. 270 vedute della Città di Faenza, Subborghi ed alcune Villeggiature appartenenti a detta Città. Queste vedute furono incominciate sin dal anno 1823 è [sic] in più volte seguite è lasciate, avendole fatte sempre in quel tempo che rimanevano d'agio ho di spasso. Sono, dette vedute, state poste a termine la mattina del 14 settembre 1842, giorno fatale per la memorabile piena delle acque condotte nel fiume, di modoche era la fiumana superiore alle archate da 3 Metri e per due ore il ponte stesso chiuso, poi non potendo più regere allo urto del acqua, sulle 10 e 3/4 della mattina cadde, rovinado [sic] la pilla dalla parte della città, poscia per consenso mancando lapoggio del Arco di Mezzo la Torre che sorregevasi sul altra pila tardò un quattro minuti e rovinò anch'essa ed ebbe morte e tomba in un punto stesso e la stessa mattina io acquerelando la penultima veduta di questa raccolta. Romolo Pittore negli anni 33 di mia vita."" Il disegno in origine apparteneva ad un album; tale album, però, durante l'ultimo restauro, ha subito il distacco della coperta e della legatura, ed ora i disegni sono conservati sciolti in una scatola, indicata come album n. 7. L'iscrizione sul verso si riferisce al disegno successivo all'interno dell'album originario.",donazione,Arnaldo Minardi,1932,,Comune di Faenza,https://bbcc.regione.emilia-romagna.it/pater/data/ravenna/lc-00112/lc-00112_01/219444-album7-tav8-r.jpg,https://bbcc.regione.emilia-romagna.it/pater/data/ravenna/lc-00112/lc-00112_03/219444-album7-tav8-v.jpg,1823,1842
205187,disegno,"Porta Montanara, Faenza",Italia,Emilia-Romagna,RA,Faenza,Biblioteca Comunale Manfrediana,Disegni e acquerelli di Romolo Liverani - Repertorio 9,219453 Album 7 - tav. 17,Liverani Romolo,22,28,cm.,carta/ penna/ acquarello,buono,"Macchiato e sfrangiato lungo il lato superiore, a causa del nastro adesivo, ora rimosso, utilizzato per tenerlo adeso al passepartout.","L'iscrizione relativa a questo disegno è: Veduta esterna di Porta Montanara in Faenza. ""All'interno l'arco è a tutto sesto. A sinistra del disegno si nota il portico, addossato alla chiesa di S. Lorenzo; portico che fu chiuso e trasformato in botteghe da G. B. Brunetti, dopo che aveva acquistato la chiesa, in seguito alla soppressione napoleonica. Dopo la ricostituzione della parrocchia e il riacquisto dell'edificio, il nuovo parroco, don Antonio Campidori, nel 1847, eliminò le botteghe e incorporò il portico alla chiesa, aprendo archeggiature all'interno della stessa. In seguito a tale trasformazione, restarono murate le colonne del portico, rimesse in luce solo in questi ultimi anni."" L. Savelli","La prima carta dell'album originale reca il seguente testo ms autografo: ""Vol. 1. Raccolta di n. 270 vedute della Città di Faenza, Subborghi ed alcune Villeggiature appartenenti a detta Città. Queste vedute furono incominciate sin dal anno 1823 è [sic] in più volte seguite è lasciate, avendole fatte sempre in quel tempo che rimanevano d'agio ho di spasso. Sono, dette vedute, state poste a termine la mattina del 14 settembre 1842, giorno fatale per la memorabile piena delle acque condotte nel fiume, di modoche era la fiumana superiore alle archate da 3 Metri e per due ore il ponte stesso chiuso, poi non potendo più regere allo urto del acqua, sulle 10 e 3/4 della mattina cadde, rovinado [sic] la pilla dalla parte della città, poscia per consenso mancando lapoggio del Arco di Mezzo la Torre che sorregevasi sul altra pila tardò un quattro minuti e rovinò anch'essa ed ebbe morte e tomba in un punto stesso e la stessa mattina io acquerelando la penultima veduta di questa raccolta. Romolo Pittore negli anni 33 di mia vita."" Il disegno in origine apparteneva ad un album; tale album, però, durante l'ultimo restauro, ha subito il distacco della coperta e della legatura, ed ora i disegni sono conservati sciolti in una scatola, indicata come album n. 7. L'iscrizione sul verso si riferisce al disegno successivo all'interno dell'album originario. ",donazione,Arnaldo Minardi,1932,,Comune di Faenza,https://bbcc.regione.emilia-romagna.it/pater/data/ravenna/lc-00112/lc-00112_01/219453-album7-tav17-r.jpg,https://bbcc.regione.emilia-romagna.it/pater/data/ravenna/lc-00112/lc-00112_03/219453-album7-tav17-v.jpg,1823,1842
205206,disegno,"Canale di scolo delle acque detto Chiavicone dei Servi, Faenza",Italia,Emilia-Romagna,RA,Faenza,Biblioteca Comunale Manfrediana,Disegni e acquerelli di Romolo Liverani - Repertorio 9,219458 Album 7 - tav. 22,Liverani Romolo,22,28,cm.,carta/ penna/ acquarello,buono,"Macchiato e sfrangiato lungo il lato superiore, a causa del nastro adesivo, ora rimosso, utilizzato per tenerlo adeso al passepartout.","A valle di una delle due torri del ponte sul fiume Lamone, quella più spostata verso la città, sboccava nel fiume il Chiavicone, che aveva provocato gravi dispute tecniche nei decenni precedenti la sua costruzione. Scolava le acque iniziando dalla piazza, lungo via Torricelli (allora detta Via dei Signori), per via Manfredi e per l'ultimo tratto di via Porta Ponte. Dopo varie peripezie d'insigni professionisti, l'impresa, difficoltosa anche per la profondità che si doveva raggiungere con pericolo di lesioni alle case, fu affidata a Giuseppe Pistocchi nel 1772.
In questa tavola Liverani, come sempre quando rappresenta gli antri, le grotte, gli orridi e le caverne, suscita fantasmi di piranesiana memoria e la rievocazione romantica fissa le ultime testimonianze di un passato esaltato dalla storia e dal dramma.","La prima carta dell'album originale reca il seguente testo ms autografo: ""Vol. 1. Raccolta di n. 270 vedute della Città di Faenza, Subborghi ed alcune Villeggiature appartenenti a detta Città. Queste vedute furono incominciate sin dal anno 1823 è [sic] in più volte seguite è lasciate, avendole fatte sempre in quel tempo che rimanevano d'agio ho di spasso. Sono, dette vedute, state poste a termine la mattina del 14 settembre 1842, giorno fatale per la memorabile piena delle acque condotte nel fiume, di modoche era la fiumana superiore alle archate da 3 Metri e per due ore il ponte stesso chiuso, poi non potendo più regere allo urto del acqua, sulle 10 e 3/4 della mattina cadde, rovinado [sic] la pilla dalla parte della città, poscia per consenso mancando lapoggio del Arco di Mezzo la Torre che sorregevasi sul altra pila tardò un quattro minuti e rovinò anch'essa ed ebbe morte e tomba in un punto stesso e la stessa mattina io acquerelando la penultima veduta di questa raccolta. Romolo Pittore negli anni 33 di mia vita."" Il disegno in origine apparteneva ad un album; tale album, però, durante l'ultimo restauro, ha subito il distacco della coperta e della legatura, ed ora i disegni sono conservati sciolti in una scatola, indicata come album n. 7. L'iscrizione sul verso si riferisce al disegno successivo all'interno dell'album originario, mentre l'iscrizione relativa a questo disegno è: Veduta dello scolo delle acque del Chiavicone dei Servi subito fuori Porta Ponte, Faenza. ",donazione,Arnaldo Minardi,1932,,Comune di Faenza,https://bbcc.regione.emilia-romagna.it/pater/data/ravenna/lc-00112/lc-00112_01/219458-album7-tav22-r.jpg,https://bbcc.regione.emilia-romagna.it/pater/data/ravenna/lc-00112/lc-00112_03/219458-album7-tav22-v.jpg,1823,1842
205254,disegno,"Chiesa della Commenda, Faenza",Italia,Emilia-Romagna,RA,Faenza,Biblioteca Comunale Manfrediana,Disegni e acquerelli di Romolo Liverani - Repertorio 9,219466 Album 7 - tav. 30,Liverani Romolo,23,28,cm.,carta/ penna/ acquarello,buono,"Macchiato lungo il lato superiore, a causa del nastro adesivo, ora rimosso, utilizzato per tenerlo adeso al passepartout.","Qui è raffigurata la facciata dell'antichissima chiesa medievale della Commenda di Faenza, che era stata dell'Ordine cavalleresco dei Templari (1137), e nel 1319 circa passata a quello dei Cavalieri Gerosolimitani (o di Malta); essa subì vari rimaneggiamenti e un rifacimento quattrocentesco, in seguito al quale era stata ribassata, all'interno, la grande volta a botte. 
Nel disegno, a sinistra, è visibile l'ingresso monumentale alla piazzetta (forse del sec. 17.) di cui ora rimane solo un pilastro. Addossato alla chiesa è il portico medievale, e, sulla destra, il fabbricato della Commenda, che comprende, all'interno, il chiostro. Un lato di tale chiostro fu costruito da Fra' Sabba da Castiglione. Era chiamato “Commenda” un affidamento di beni in compenso di meriti particolari, con diritto di uso delle relative rendite. Anche in questa tavola, come sempre accade con Liverani, la veduta acquista un valore conoscitivo non certo marginale per uno scenografo. L'inesauribile vena di Romolo, infatti è stimolata tanto dal sogno romantico e dal verosimile teatrale quanto dal vero, poichè è il reale a fornire pretesto e soggetto al verosimile.
","La prima carta dell'album originale, che conteneva il disegno, reca il seguente testo manoscritto autografo: ""Vol. 1. Raccolta di n. 270 vedute della Città di Faenza, Subborghi ed alcune Villeggiature appartenenti a detta Città. Queste vedute furono incominciate sin dal anno 1823 è [sic] in più volte seguite è lasciate, avendole fatte sempre in quel tempo che rimanevano d'agio ho di spasso. Sono, dette vedute, state poste a termine la mattina del 14 settembre 1842, giorno fatale per la memorabile piena delle acque condotte nel fiume, di modoche era la fiumana superiore alle archate da 3 Metri e per due ore il ponte stesso chiuso, poi non potendo più regere allo urto del acqua, sulle 10 e 3/4 della mattina cadde, rovinado [sic] la pilla dalla parte della città, poscia per consenso mancando lapoggio del Arco di Mezzo la Torre che sorregevasi sul altra pila tardò un quattro minuti e rovinò anch'essa ed ebbe morte e tomba in un punto stesso e la stessa mattina io acquerelando la penultima veduta di questa raccolta. Romolo Pittore negli anni 33 di mia vita."" Tale album, però, durante l'ultimo restauro, ha subito il distacco della coperta e della legatura, ed ora i disegni sono conservati sciolti in una scatola, indicata come album n. 7. L'iscrizione sul verso si riferisce al disegno successivo all'interno dell'album originario, mentre l'iscrizione relativa a questo disegno è: Commenda volgarmente detta Masone nel Borgo Durbecco di Faenza.",donazione,Arnaldo Minardi,1932,,Comune di Faenza,https://bbcc.regione.emilia-romagna.it/pater/data/ravenna/lc-00112/lc-00112_01/219466-album7-tav30-r.jpg,https://bbcc.regione.emilia-romagna.it/pater/data/ravenna/lc-00112/lc-00112_03/219466-album7-tav30-v.jpg,1823,1842
205258,disegno,"Veduta del molino vecchio fuori delle mura di S. Ippolito, Faenza.",Italia,Emilia-Romagna,RA,Faenza,Biblioteca Comunale Manfrediana,Disegni e acquerelli di Romolo Liverani - Repertorio 9,219469 Album 7 - tav. 33,Liverani Romolo,22,29,cm.,carta/ penna/ acquarello,buono,"Sfrangiato e macchiato lungo il margine superiore a causa del nastro adesivo, ora rimosso.","E' uno dei temi che più hanno affascinato Liverani: gli archi misteriosi, sotto cui scorreva il canale di scarico, la parte retrostante del mulino, il ponticello, le erbe fradice di umidità, il senso di frescura nelle torride giornate estive in quell'anfratto oscuro e freddo, sono resi in chiave romantica con particolare maestria.
Sul canale scavato circa a metà del sec. XIII, in sostituzione di altro, che scorreva più all'interno nella città, il mulino di S. Ippolito era uno dei più antichi assieme a quelli del Portello, della Ganga, della Ravegnana, della Croce. L'album al quale appartiene la presente tavola è ben noto per le preziose vedute di Faenza e territori limitrofi. La familiare panoramica di città, paesi, vallate e colline di Romagna e Marche, è osservata col diaframma dell'uomo di teatro. Case e luoghi pittoreschi e suggestivi, anche se ricondotti alla dimensione più vera e schietta della vita, acquistano una funzione evocatrice di luoghi e situazioni perenni. ","La prima carta dell'album originale, che conteneva il disegno, reca il seguente testo manoscritto autografo: ""Vol. 1. Raccolta di n. 270 vedute della Città di Faenza, Subborghi ed alcune Villeggiature appartenenti a detta Città. Queste vedute furono incominciate sin dal anno 1823 è [sic] in più volte seguite è lasciate, avendole fatte sempre in quel tempo che rimanevano d'agio ho di spasso. Sono, dette vedute, state poste a termine la mattina del 14 settembre 1842, giorno fatale per la memorabile piena delle acque condotte nel fiume, di modoche era la fiumana superiore alle archate da 3 Metri e per due ore il ponte stesso chiuso, poi non potendo più regere allo urto del acqua, sulle 10 e 3/4 della mattina cadde, rovinado [sic] la pilla dalla parte della città, poscia per consenso mancando lapoggio del Arco di Mezzo la Torre che sorregevasi sul altra pila tardò un quattro minuti e rovinò anch'essa ed ebbe morte e tomba in un punto stesso e la stessa mattina io acquerelando la penultima veduta di questa raccolta. Romolo Pittore negli anni 33 di mia vita."" Tale album, però, durante l'ultimo restauro, ha subito il distacco della coperta e della legatura, ed ora i disegni sono conservati sciolti in una scatola, indicata come album n. 7. L'iscrizione relativa a questo disegno lo definisce: Veduta del molino vecchio fuori delle mura di S. Ippolito, Faenza.",donazione,Arnaldo Minardi,1932,,Comune di Faenza,https://bbcc.regione.emilia-romagna.it/pater/data/ravenna/lc-00112/lc-00112_01/219469-album7-tav33-r.jpg,https://bbcc.regione.emilia-romagna.it/pater/data/ravenna/lc-00112/lc-00112_03/219469-album7-tav33-v.jpg,1823,1842
205259,disegno,"Veduta interna del monastero di S. Chiara, Faenza",Italia,Emilia-Romagna,RA,Faenza,Biblioteca Comunale Manfrediana,Disegni e acquerelli di Romolo Liverani - Repertorio 9,219472 Album 7 - tav. 36,Liverani Romolo,22,"28,5",cm.,carta/ penna/ acquarello,buono,,"""La veduta è presa dall'angolo occidentale del chiostro e all'interno del grande porticato, rara suggestione di illusionistiche prospettive bifocali della tradizione settecentesca con veduta grandangolare degli elementi architettonici; dal fondo del braccio di arcate in prospettiva, si accedeva all'orto del convento con degli edifici rustici di servizio che si intravvedono nel disegno. Fra le due arcate a destra appare l'estremità del lato Nord del chiostro che fa angolo con la chiesa. La chiesa, che si intravvede a destra, era stata costruita dallo stesso Scaletti negli anni fra il 1706 e il 1707 e ad essa seguì in circa un trentennio il rifacimento di tutto il convento. Da vari anni tutto il lato contiguo alla chiesa, compreso il campanile, è stato demolito e anche le arcate di testata dei lati Sud e Nord sono state distrutte. Quel che rimane del chiostro lo si vede alterato dalla chiusura delle arcate per ricavarne ambienti di vario uso [...] la chiesa fra l'altro, anche se spogliata delle ornamentazioni a stucco e degli arredi, conservava un nobilissimo interno e la parte antica del campanile era una preziosa testimonianza di architettura gotica."" E. Golfieri.","In questo disegno ""[...] Romolo Liverani, o forse il figlio Tancredi, ha forzato un poco l'effetto prospettico per fare apparire più grandiose le arcate, in realtà gli archi del portico non sono a tutto sesto, ma leggermente ribassati. Certe deformazioni e la grafia meno incisiva del solito lasciano il dubbio che, come in altri fogli di questo album, sia intervenuta la mano di Tancredi a ripassare uno schizzo a matita del padre"" (E. Golfieri). La prima carta dell'album originale, che conteneva il disegno, reca il seguente testo manoscritto autografo: ""Vol. 1. Raccolta di n. 270 vedute della Città di Faenza, Subborghi ed alcune Villeggiature appartenenti a detta Città. Queste vedute furono incominciate sin dal anno 1823 è [sic] in più volte seguite è lasciate, avendole fatte sempre in quel tempo che rimanevano d'agio ho di spasso. Sono, dette vedute, state poste a termine la mattina del 14 settembre 1842, giorno fatale per la memorabile piena delle acque condotte nel fiume, di modoche era la fiumana superiore alle archate da 3 Metri e per due ore il ponte stesso chiuso, poi non potendo più regere allo urto del acqua, sulle 10 e 3/4 della mattina cadde, rovinado [sic] la pilla dalla parte della città, poscia per consenso mancando lapoggio del Arco di Mezzo la Torre che sorregevasi sul altra pila tardò un quattro minuti e rovinò anch'essa ed ebbe morte e tomba in un punto stesso e la stessa mattina io acquerelando la penultima veduta di questa raccolta. Romolo Pittore negli anni 33 di mia vita."" Tale album, però, durante l'ultimo restauro, ha subito il distacco della coperta e della legatura, ed ora i disegni sono conservati sciolti in una scatola, indicata come album n. 7. L'iscrizione sul verso si riferisce al disegno successivo all'interno dell'album originario, mentre l'iscrizione relativa a questo disegno lo definisce: Veduta interna del monastero di S. Chiara in Faenza",donazione,Arnaldo Minardi,1932,,Comune di Faenza,https://bbcc.regione.emilia-romagna.it/pater/data/ravenna/lc-00112/lc-00112_01/219472-album7-tav36-r.jpg,https://bbcc.regione.emilia-romagna.it/pater/data/ravenna/lc-00112/lc-00112_03/219472-album7-tav36-v.jpg,1823,1842
205260,disegno,"Porta Montanara vista dall'imbocco della strada che va a Modigliana, Faenza",Italia,Emilia-Romagna,RA,Faenza,Biblioteca Comunale Manfrediana,Disegni e acquerelli di Romolo Liverani - Repertorio 9,219473 Album 7 - tav. 37,Liverani Romolo,22,28,cm.,carta/ penna/ acquarello,buono,"Macchiato e sfrangiato lungo il margine superiore a causa del nastro adesivo, ora rimosso.","""La veduta di Porta Montanara è presa dall'imbocco della via che va a Modigliana, il primo tratto della quale, fino al molino di Batticuccolo, era detta ""la Mundéna""; in primo piano, a destra, si vede la tettoia del forno che i nostri vecchi chiamavano ""e foran d'Gratusa"". Fa da sfondo alla tettoia il muro del Gioco del Pallone col bracciale. A ridosso della Porta sta la casetta dei gabellieri, quella che, ampliata, diventerà la casa di Omero Carroli, celebre giocatore di pollone e padre della moglie del più recente, e non meno celebre, Patriossi. Al di là della via delle Mura si intravvedono case e casette che avevano il fronte sulla via di Porta Montanara. La Porta mostra il giro completo dei mensoloni che sostenevano la merlatura, sostituita poi dal tetto. Faccio notare che sopra l'arco della Porta manca la lastra in terracotta con l'immagine della Beata Vergine delle Grazie, segno evidente che il disegno è stato schizzato dal vero prima dell'ottobre 1837, ma la veduta potrebbe essere stata ripassata a penna ed acquarello in anni posteriori."" E. Golfieri. ""All'esterno aveva forma archiacuta e costruita, in parte, con massi di spungone, squadrati, forse provenienti da antico edificio romano."" L. Savelli. ","La prima carta dell'album originale, che conteneva il disegno, reca il seguente testo manoscritto autografo: ""Vol. 1. Raccolta di n. 270 vedute della Città di Faenza, Subborghi ed alcune Villeggiature appartenenti a detta Città. Queste vedute furono incominciate sin dal anno 1823 è [sic] in più volte seguite è lasciate, avendole fatte sempre in quel tempo che rimanevano d'agio ho di spasso. Sono, dette vedute, state poste a termine la mattina del 14 settembre 1842, giorno fatale per la memorabile piena delle acque condotte nel fiume, di modoche era la fiumana superiore alle archate da 3 Metri e per due ore il ponte stesso chiuso, poi non potendo più regere allo urto del acqua, sulle 10 e 3/4 della mattina cadde, rovinado [sic] la pilla dalla parte della città, poscia per consenso mancando lapoggio del Arco di Mezzo la Torre che sorregevasi sul altra pila tardò un quattro minuti e rovinò anch'essa ed ebbe morte e tomba in un punto stesso e la stessa mattina io acquerelando la penultima veduta di questa raccolta. Romolo Pittore negli anni 33 di mia vita."" Tale album, però, durante l'ultimo restauro, ha subito il distacco della coperta e della legatura, ed ora i disegni sono conservati sciolti in una scatola, indicata come album n. 7. L'iscrizione sul verso del disegno si riferisce al disegno successivo all'interno dell'album originario, dal titolo: Veduta della Piazzetta della Pena, detta di S. Antonio, in Faenza.",donazione,Arnaldo Minardi,1932,,Comune di Faenza,https://bbcc.regione.emilia-romagna.it/pater/data/ravenna/lc-00112/lc-00112_01/219473-album7-tav37-r.jpg,https://bbcc.regione.emilia-romagna.it/pater/data/ravenna/lc-00112/lc-00112_03/219473-album7-tav37-v.jpg,1823,1842
205262,disegno,"Piazzetta della Penna detta di S. Antonio, Faenza",Italia,Emilia-Romagna,RA,Faenza,Biblioteca Comunale Manfrediana,Disegni e acquerelli di Romolo Liverani - Repertorio 9,219474 Album 7 - tav. 38,Liverani Romolo,22,29,cm.,carta/ penna/ acquarello,buono,"Macchiato lungo il margine superiore a causa del nastro adesivo, ora rimosso.","""Questa veduta, non una delle migliori di Romolo tanto da far nascere il sospetto di un intervento del figlio Tancredi, ci mostra la romanica chiesetta di S. Giacomo, detta della Penna perchè posta su un rialzo del terreno. Qui si vedono la fronte occidentale e il fianco meridionale quando l'edificio non era ancora stato trasformato in casa d'abitazione. Si notino, nella parte alta centrale, i due piccoli incavi tondi che saranno stati di due ciotole o bacini maiolicati, sul tipo di quelli dell'abside di S. Bartolomeo e degli altri che si trovavano al sommo della facciata della Commenda in Borgo, tutte chiese più o meno coeve. A ridosso della piccola chiesa si erge la mole del settecentesco palazzo dei C.ti Cavina, coi proservizi fiancheggianti la piazzetta. In fondo, a destra, si intravvede una delle alzate del palazzo dei Celestini, che al tempo della veduta era di proprietà dei Guiccioli di Ravenna. Lo spigolo nero che fa da quinta, all'estrema destra, è quello della chiesa di S. Antonio, tuttora esistente."" E. Golfieri.","La prima carta dell'album originale, che conteneva il disegno, reca il seguente testo manoscritto autografo: ""Vol. 1. Raccolta di n. 270 vedute della Città di Faenza, Subborghi ed alcune Villeggiature appartenenti a detta Città. Queste vedute furono incominciate sin dal anno 1823 è [sic] in più volte seguite è lasciate, avendole fatte sempre in quel tempo che rimanevano d'agio ho di spasso. Sono, dette vedute, state poste a termine la mattina del 14 settembre 1842, giorno fatale per la memorabile piena delle acque condotte nel fiume, di modoche era la fiumana superiore alle archate da 3 Metri e per due ore il ponte stesso chiuso, poi non potendo più regere allo urto del acqua, sulle 10 e 3/4 della mattina cadde, rovinado [sic] la pilla dalla parte della città, poscia per consenso mancando lapoggio del Arco di Mezzo la Torre che sorregevasi sul altra pila tardò un quattro minuti e rovinò anch'essa ed ebbe morte e tomba in un punto stesso e la stessa mattina io acquerelando la penultima veduta di questa raccolta. Romolo Pittore negli anni 33 di mia vita."" Tale album, però, durante l'ultimo restauro, ha subito il distacco della coperta e della legatura, ed ora i disegni sono conservati sciolti in una scatola, indicata come album n. 7. L'iscrizione sul verso del disegno si riferisce al disegno successivo all'interno dell'album originario, mentre l'iscrizione relativa a questo disegno lo definisce: Veduta della Piazzetta della Pena [o Penna], detta di S. Antonio in Faenza",donazione,Arnaldo Minardi,1932,,Comune di Faenza,https://bbcc.regione.emilia-romagna.it/pater/data/ravenna/lc-00112/lc-00112_01/219474-album7-tav38-r.jpg,https://bbcc.regione.emilia-romagna.it/pater/data/ravenna/lc-00112/lc-00112_03/219474-album7-tav38-v.jpg,1823,1842
205264,disegno,,Italia,Emilia-Romagna,RA,Faenza,Biblioteca Comunale Manfrediana,Disegni e acquerelli di Romolo Liverani - Repertorio 9,219470 Album 7 - tav. 34,Liverani Romolo,28,21,cm.,carta/ penna/ acquarello,buono,"Macchiato e sfrangiato lungo il lato sinistro, causa il nastro adesivo, ora rimosso, utilizzato per tenerlo adeso al passepartout.","La veduta del molino vecchio fuori le mura di S. Ippolito è uno dei temi che più hanno affascinato Liverani: gli archi misteriosi, sotto cui scorreva il canale di scarico, la parte retrostante del mulino, il ponticello, le erbe fradice di umidità, il senso di frescura nelle torride giornate estive in quell'anfratto oscuro e freddo, sono resi in chiave romantica con particolare maestria.
Sul canale scavato circa a metà del sec. XIII, in sostituzione di altro, che scorreva più all'interno nella città, il mulino di S. Ippolito era uno dei più antichi assieme a quelli del Portello, della Ganga, della Ravegnana, della Croce.
L'iscrizione relativa al secondo disegno in basso lo definisce: Veduta di un pezzo di Faenza visto da un luogo superiore.","La prima carta dell'album originale, che conteneva il disegno, reca il seguente testo manoscritto autografo: ""Vol. 1. Raccolta di n. 270 vedute della Città di Faenza, Subborghi ed alcune Villeggiature appartenenti a detta Città. Queste vedute furono incominciate sin dal anno 1823 è [sic] in più volte seguite è lasciate, avendole fatte sempre in quel tempo che rimanevano d'agio ho di spasso. Sono, dette vedute, state poste a termine la mattina del 14 settembre 1842, giorno fatale per la memorabile piena delle acque condotte nel fiume, di modoche era la fiumana superiore alle archate da 3 Metri e per due ore il ponte stesso chiuso, poi non potendo più regere allo urto del acqua, sulle 10 e 3/4 della mattina cadde, rovinado [sic] la pilla dalla parte della città, poscia per consenso mancando lapoggio del Arco di Mezzo la Torre che sorregevasi sul altra pila tardò un quattro minuti e rovinò anch'essa ed ebbe morte e tomba in un punto stesso e la stessa mattina io acquerelando la penultima veduta di questa raccolta. Romolo Pittore negli anni 33 di mia vita."" Tale album, però, durante l'ultimo restauro, ha subito il distacco della coperta e della legatura, ed ora i disegni sono conservati sciolti in una scatola, indicata come album n. 7. 
Il presente foglio è suddiviso in due parti, ognuna delle quali reca un disegno: 1) Veduta del Molino Vecchio fuori le mura di S. Ippolito e 2) Veduta di un pezzo di Faenza visto da un Luogo Superiore.",donazione,Arnaldo Minardi,1932,,Comune di Faenza,https://bbcc.regione.emilia-romagna.it/pater/data/ravenna/lc-00112/lc-00112_01/219470-album7-tav34-r.jpg,https://bbcc.regione.emilia-romagna.it/pater/data/ravenna/lc-00112/lc-00112_03/219470-album7-tav34-v.jpg,1823,1842
205291,disegno,"Parte del Borgo Durbecco visto dalla Torretta, Faenza",Italia,Emilia-Romagna,RA,Faenza,Biblioteca Comunale Manfrediana,Disegni e acquerelli di Romolo Liverani - Repertorio 9,219485 Album 7 - tav. 49,Liverani Romolo,21,"28,5",cm.,carta/ penna/ acquarello,buono,"Macchiato lungo il margine superiore a causa del nastro adesivo, ora rimosso.","L'album al quale appartiene la presente tavola è ben noto per le preziose vedute di Faenza e territori limitrofi. Anche in questo caso l'iscrizione sul verso fornisce un valido aiuto all'identificazione del luogo, e aggiunge una notizia in più ai punti di riferimento per l'attività del Liverani. Qui è evidente l'intento di ricondurre una veduta urbana della città al suo aspetto quotidiano, caratterizzandola con un'atmosfera popolare non ancora aggredita dai meccanismi di regolarizzazione edilizia ottocentesca.","La prima carta dell'album originale, che conteneva il disegno, reca il seguente testo manoscritto autografo: ""Vol. 1. Raccolta di n. 270 vedute della Città di Faenza, Subborghi ed alcune Villeggiature appartenenti a detta Città. Queste vedute furono incominciate sin dal anno 1823 è [sic] in più volte seguite è lasciate, avendole fatte sempre in quel tempo che rimanevano d'agio ho di spasso. Sono, dette vedute, state poste a termine la mattina del 14 settembre 1842, giorno fatale per la memorabile piena delle acque condotte nel fiume, di modoche era la fiumana superiore alle archate da 3 Metri e per due ore il ponte stesso chiuso, poi non potendo più regere allo urto del acqua, sulle 10 e 3/4 della mattina cadde, rovinado [sic] la pilla dalla parte della città, poscia per consenso mancando lapoggio del Arco di Mezzo la Torre che sorregevasi sul altra pila tardò un quattro minuti e rovinò anch'essa ed ebbe morte e tomba in un punto stesso e la stessa mattina io acquerelando la penultima veduta di questa raccolta. Romolo Pittore negli anni 33 di mia vita."" Tale album, però, durante l'ultimo restauro, ha subito il distacco della coperta e della legatura, ed ora i disegni sono conservati sciolti in una scatola, indicata come album n. 7. L'iscrizione sul verso si riferisce al disegno successivo all'interno dell'album originario, mentre l'iscrizione relativa a questo disegno è: Veduta di una parte del Borgo Durbecco, visto dalla Torretta in Faenza.",donazione,Arnaldo Minardi,1932,,Comune di Faenza,https://bbcc.regione.emilia-romagna.it/pater/data/ravenna/lc-00112/lc-00112_01/219485-album7-tav49-r.jpg,https://bbcc.regione.emilia-romagna.it/pater/data/ravenna/lc-00112/lc-00112_03/219485-album7-tav49-v.jpg,1823,1842
205297,disegno,"Facciata e cortile antistanti alla chiesa dell'Osservanza, Faenza
",Italia,Emilia-Romagna,RA,Faenza,Biblioteca Comunale Manfrediana,Disegni e acquerelli di Romolo Liverani - Repertorio 9,219487 Album 7 - tav. 52,Liverani Romolo,22,29,cm.,carta/ penna/ acquarello,buono,"Macchiato e sfrangiato lungo il margine superiore a causa del nastro adesivo, ora rimosso.","Nella località fuori Porta Montanara, che nel medioevo era stata dell'Abbazia di S.S. Perpetua e Felicita (trasferitasi in seguito presso il molino del Portello), sorse nel 1444 un convento dei frati dell'Osservanza, con chiesa annessa dedicata a S. Girolamo. Nei disegni di Liverani è ancora visibile la struttura quattrocentesca della facciata con lesene e rosone, del fianco e della parte retrostante. Anche all'interno sono riconoscibili caratteri quattrocenteschi nel presbiterio e nell'abside. La chiesa fu particolarmente cara ai Manfredi, che vi avevano posto la sepoltura di famiglia. Il portichetto è un'aggiunta più tarda, forse settecentesca. Intorno al 1820 vi fu sistemato il Cimitero Comunale, trasferito dalla zona di S. Rocco, fuori porta Ravegnana. Pietro Tomba trasformò la chiesa all'interno con volta a botte di cannicciato e decorazioni di tipo neoclassico, e all'esterno addossò una facciata sempre neoclassica alla preesistente, che venne a sua volta sostituita nel 1858 da quella attuale di Costantino Galli. Al chiostro originario del convento se ne aggiunsero altri a destra della chiesa nel 1860 ad uso cimiteriale, e a sinistra nel 1880, opera, questi ultimi, dell'ing. Achille Ubaldini.","La prima carta dell'album originale, che conteneva il disegno, reca il seguente testo manoscritto autografo: ""Vol. 1. Raccolta di n. 270 vedute della Città di Faenza, Subborghi ed alcune Villeggiature appartenenti a detta Città. Queste vedute furono incominciate sin dal anno 1823 è [sic] in più volte seguite è lasciate, avendole fatte sempre in quel tempo che rimanevano d'agio ho di spasso. Sono, dette vedute, state poste a termine la mattina del 14 settembre 1842, giorno fatale per la memorabile piena delle acque condotte nel fiume, di modoche era la fiumana superiore alle archate da 3 Metri e per due ore il ponte stesso chiuso, poi non potendo più regere allo urto del acqua, sulle 10 e 3/4 della mattina cadde, rovinado [sic] la pilla dalla parte della città, poscia per consenso mancando lapoggio del Arco di Mezzo la Torre che sorregevasi sul altra pila tardò un quattro minuti e rovinò anch'essa ed ebbe morte e tomba in un punto stesso e la stessa mattina io acquerelando la penultima veduta di questa raccolta. Romolo Pittore negli anni 33 di mia vita."" Tale album, però, durante l'ultimo restauro, ha subito il distacco della coperta e della legatura, ed ora i disegni sono conservati sciolti in una scatola, indicata come album n. 7. L'iscrizione sul verso si riferisce al disegno successivo all'interno dell'album originario, mentre l'iscrizione relativa a questo disegno è: Veduta della facciata e del cortile antistante alla chiesa dell'Osservanza, Faenza.",donazione,Arnaldo Minardi,1932,,Comune di Faenza,https://bbcc.regione.emilia-romagna.it/pater/data/ravenna/lc-00112/lc-00112_01/219487-album7-tav52-r.jpg,https://bbcc.regione.emilia-romagna.it/pater/data/ravenna/lc-00112/lc-00112_03/219487-album7-tav52-v.jpg,1823,1842
205298,disegno,"Interno della chiesa dell'Osservanza, Faenza",Italia,Emilia-Romagna,RA,Faenza,Biblioteca Comunale Manfrediana,Disegni e acquerelli di Romolo Liverani - Repertorio 9,219488 Album 7 - tav. 53,Liverani Romolo,21,28,cm.,carta/ penna/ acquarello,buono,"Macchiato e sfrangiato lungo il margine superiore a causa del nastro adesivo, ora rimosso.","Nella località fuori Porta Montanara, che nel medioevo era stata dell'Abbazia di S.S. Perpetua e Felicita (trasferitasi in seguito presso il molino del Portello), sorse nel 1444 un convento dei frati dell'Osservanza, con chiesa annessa dedicata a S. Girolamo. In questi disegni è ancora visibile la struttura quattrocentesca della facciata con lesene e rosone, del fianco e della parte retrostante. Anche all'interno sono riconoscibili caratteri quattrocenteschi nel presbiterio e nell'abside. La chiesa fu particolarmente cara ai Manfredi, che vi avevano posto la sepoltura di famiglia. Il portichetto è un'aggiunta più tarda, forse settecentesca. Intorno al 1820 vi fu sistemato il Cimitero Comunale, trasferito dalla zona di S. Rocco, fuori porta Ravegnana. Pietro Tomba trasformò la chiesa all'interno con volta a botte di cannicciato e decorazioni di tipo neoclassico, e all'esterno addossò una facciata sempre neoclassica alla preesistente, che venne a sua volta sostituita nel 1858 da quella attuale di Costantino Galli. 
Al chiostro originario del convento se ne aggiunsero altri a destra della chiesa nel 1860 ad uso cimiteriale, e a sinistra nel 1880, opera, questi ultimi, dell'ing. Achille Ubaldini.","La prima carta dell'album originale, che conteneva il disegno, reca il seguente testo manoscritto autografo: ""Vol. 1. Raccolta di n. 270 vedute della Città di Faenza, Subborghi ed alcune Villeggiature appartenenti a detta Città. Queste vedute furono incominciate sin dal anno 1823 è [sic] in più volte seguite è lasciate, avendole fatte sempre in quel tempo che rimanevano d'agio ho di spasso. Sono, dette vedute, state poste a termine la mattina del 14 settembre 1842, giorno fatale per la memorabile piena delle acque condotte nel fiume, di modoche era la fiumana superiore alle archate da 3 Metri e per due ore il ponte stesso chiuso, poi non potendo più regere allo urto del acqua, sulle 10 e 3/4 della mattina cadde, rovinado [sic] la pilla dalla parte della città, poscia per consenso mancando lapoggio del Arco di Mezzo la Torre che sorregevasi sul altra pila tardò un quattro minuti e rovinò anch'essa ed ebbe morte e tomba in un punto stesso e la stessa mattina io acquerelando la penultima veduta di questa raccolta. Romolo Pittore negli anni 33 di mia vita."" Tale album, però, durante l'ultimo restauro, ha subito il distacco della coperta e della legatura, ed ora i disegni sono conservati sciolti in una scatola, indicata come album n. 7. L'iscrizione sul verso si riferisce al disegno successivo all'interno dell'album originario, mentre l'iscrizione relativa a questo disegno è: Veduta interna della chiesa dell'Osservanza fuori di Faenza.",donazione,Arnaldo Minardi,1932,,Comune di Faenza,https://bbcc.regione.emilia-romagna.it/pater/data/ravenna/lc-00112/lc-00112_01/219488-album7-tav53-r.jpg,https://bbcc.regione.emilia-romagna.it/pater/data/ravenna/lc-00112/lc-00112_03/219488-album7-tav53-v.jpg,1823,1842
205300,disegno,Celletta dopo l'Osservanza sulla strada di Brisighella fuori Faenza,Italia,Emilia-Romagna,RA,Faenza,Biblioteca Comunale Manfrediana,Disegni e acquerelli di Romolo Liverani - Repertorio 9,219489 Album 7 - tav. 54,Liverani Romolo,22,29,cm.,carta/ penna/ acquarello,buono,"Macchiato e sfrangiato lungo il margine superiore a causa del nastro adesivo, ora rimosso.","L'album al quale appartiene la presente tavola è ben noto per le preziose vedute di Faenza e territori limitrofi. Anche in questo caso l'iscrizione sul verso fornisce un valido aiuto all'identificazione del luogo, e aggiunge una notizia in più ai punti di riferimento per l'attività del Liverani. Tuttavia lo sguardo, attraverso tale attività, coglie una familiare panoramica di città, paesi, vallate e colline di Romagna e Marche, osservate col diaframma dell'uomo di teatro. Case e luoghi pittoreschi e suggestivi, anche se ricondotti alla dimensione più vera e schietta della vita, acquistano una funzione evocatrice di luoghi e situazioni perenni.","La prima carta dell'album originale, che conteneva il disegno, reca il seguente testo manoscritto autografo: ""Vol. 1. Raccolta di n. 270 vedute della Città di Faenza, Subborghi ed alcune Villeggiature appartenenti a detta Città. Queste vedute furono incominciate sin dal anno 1823 è [sic] in più volte seguite è lasciate, avendole fatte sempre in quel tempo che rimanevano d'agio ho di spasso. Sono, dette vedute, state poste a termine la mattina del 14 settembre 1842, giorno fatale per la memorabile piena delle acque condotte nel fiume, di modoche era la fiumana superiore alle archate da 3 Metri e per due ore il ponte stesso chiuso, poi non potendo più regere allo urto del acqua, sulle 10 e 3/4 della mattina cadde, rovinado [sic] la pilla dalla parte della città, poscia per consenso mancando lapoggio del Arco di Mezzo la Torre che sorregevasi sul altra pila tardò un quattro minuti e rovinò anch'essa ed ebbe morte e tomba in un punto stesso e la stessa mattina io acquerelando la penultima veduta di questa raccolta. Romolo Pittore negli anni 33 di mia vita."" Tale album, però, durante l'ultimo restauro, ha subito il distacco della coperta e della legatura, ed ora i disegni sono conservati sciolti in una scatola, indicata come album n. 7. L'iscrizione sul verso si riferisce al disegno successivo all'interno dell'album originario, mentre l'iscrizione relativa a questo disegno è: Veduta della Celletta dopo l'Osservanza sulla strada di Brisighella fuori di Faenza.",donazione,Arnaldo Minardi,1932,,Comune di Faenza,https://bbcc.regione.emilia-romagna.it/pater/data/ravenna/lc-00112/lc-00112_01/219489-album7-tav54-r.jpg,https://bbcc.regione.emilia-romagna.it/pater/data/ravenna/lc-00112/lc-00112_03/219489-album7-tav54-v.jpg,1823,1842
205308,disegno,"Veduta esterna di S. Maria ad Nives anticamente S. Maria Fuori della Porta, Faenza
 ",Italia,Emilia-Romagna,RA,Faenza,Biblioteca Comunale Manfrediana,Disegni e acquerelli di Romolo Liverani - Repertorio 9,219495 Album 7 - tav. 60,Liverani Romolo,21,28,cm.,carta/ penna/ acquarello,buono,"Macchiato e sfrangiato lungo il margine superiore a causa del nastro adesivo, ora rimosso.","La facciata di S. Maria Vecchia qui raffigurata fu costruita a metà del '600 dall'abate Marsilio De Amicis (il cui stemma è frequentemente scolpito sui capitelli, nell'interno) sul posto dell'abside, rovesciando l'orientamento della chiesa. Il sacro edificio risaliva al VII secolo ed era orientato con l'abside a est, come tutte le chiese fino all'epoca rinascimentale. Il campanile ottagonale, di forma più unica che rara per la nostra regione, può ascriversi al secolo XI. S. Pier Damiani aveva collocato la propria cella di monaco sotto quella campanaria. Semidistrutto da eventi bellici, è stato fedelmente ricostruito, ad eccezione dell'alto cuspide. Infatti quest'ultima non era più l'originale.
In questa tavola la vista si apre sullo spazio antistante la chiesa di S. Maria ad Nives di Faenza e, come sempre accade con Liverani, la veduta acquista un valore conoscitivo non certo marginale per uno scenografo. L'inesauribile vena di Romolo, infatti è stimolata tanto dal sogno romantico e dal verosimile teatrale quanto dal vero, poichè è il reale a fornire pretesto e soggetto al verosimile.","La prima carta dell'album originale, che conteneva il disegno, reca il seguente testo manoscritto autografo: ""Vol. 1. Raccolta di n. 270 vedute della Città di Faenza, Subborghi ed alcune Villeggiature appartenenti a detta Città. Queste vedute furono incominciate sin dal anno 1823 è [sic] in più volte seguite è lasciate, avendole fatte sempre in quel tempo che rimanevano d'agio ho di spasso. Sono, dette vedute, state poste a termine la mattina del 14 settembre 1842, giorno fatale per la memorabile piena delle acque condotte nel fiume, di modoche era la fiumana superiore alle archate da 3 Metri e per due ore il ponte stesso chiuso, poi non potendo più regere allo urto del acqua, sulle 10 e 3/4 della mattina cadde, rovinado [sic] la pilla dalla parte della città, poscia per consenso mancando lapoggio del Arco di Mezzo la Torre che sorregevasi sul altra pila tardò un quattro minuti e rovinò anch'essa ed ebbe morte e tomba in un punto stesso e la stessa mattina io acquerelando la penultima veduta di questa raccolta. Romolo Pittore negli anni 33 di mia vita."" Tale album, però, durante l'ultimo restauro, ha subito il distacco della coperta e della legatura, ed ora i disegni sono conservati sciolti in una scatola, indicata come album n. 7. L'iscrizione sul verso si riferisce al disegno successivo all'interno dell'album originario, mentre l'iscrizione relativa a questo disegno è: Veduta esterna di S. Maria ad Nives anticamente S. Maria Fuori della Porta in Faenza.",donazione,Arnaldo Minardi,1932,,Comune di Faenza,https://bbcc.regione.emilia-romagna.it/pater/data/ravenna/lc-00112/lc-00112_01/219495-album7-tav60-r.jpg,https://bbcc.regione.emilia-romagna.it/pater/data/ravenna/lc-00112/lc-00112_03/219495-album7-tav60-v.jpg,1823,1842
205313,disegno,"Piazzetta del Vescovado vista dal loggiato del Seminario, Faenza",Italia,Emilia-Romagna,RA,Faenza,Biblioteca Comunale Manfrediana,Disegni e acquerelli di Romolo Liverani - Repertorio 9,219496 Album 7 - tav. 61,Liverani Romolo,21,28,cm.,carta/ penna/ acquarello,buono,"Macchiato e sfrangiato lungo il margine superiore a causa del nastro adesivo, ora rimosso. Qualche sfrangiatura lungo il margine inferiore.","In vari disegni la piazzetta è raffigurata da ogni lato: insignificanti sono, come si può rilevare dai disegni, i cambiamenti subiti nel tempo. Sotto il voltone, è visibile il campanile e il tetto della chiesa dei Servi.
Il portico del seminario, a destra il campanile dei Servi, e al centro, più basso, l'edificio dell'antica Compagnia del Crocefisso, indi di S. Giuseppe, che nel 1817-1820 era stato trasformato in ufficio della Dogana dal capomastro Gaetano Petroncini. Davanti al vescovado esisteva una recinzione di fittoni. La piazzetta è completata, sul lato ovest, dalla sacrestia e dall'abside poligonale del Duomo. Quest'ultima presenta una forma insolita per un edificio rinascimentale del tipo brunelleschiano come il Duomo, iniziato da Giuliano da Maiano nel 1474. Era ipotizzata una originaria abside a pianta quadrata, sostituita molto più tardi con quella che ancora vediamo. Un mattone datato 1493, scoperto durante i recenti restauri, documenta tale datazione, molto alta, dell'abside stessa, anche se può ritenersi un pentimento rispetto all'abside quadra sempre entro il secolo 15.","La prima carta dell'album originale, che conteneva il disegno, reca il seguente testo manoscritto autografo: ""Vol. 1. Raccolta di n. 270 vedute della Città di Faenza, Subborghi ed alcune Villeggiature appartenenti a detta Città. Queste vedute furono incominciate sin dal anno 1823 è [sic] in più volte seguite è lasciate, avendole fatte sempre in quel tempo che rimanevano d'agio ho di spasso. Sono, dette vedute, state poste a termine la mattina del 14 settembre 1842, giorno fatale per la memorabile piena delle acque condotte nel fiume, di modoche era la fiumana superiore alle archate da 3 Metri e per due ore il ponte stesso chiuso, poi non potendo più regere allo urto del acqua, sulle 10 e 3/4 della mattina cadde, rovinado [sic] la pilla dalla parte della città, poscia per consenso mancando lapoggio del Arco di Mezzo la Torre che sorregevasi sul altra pila tardò un quattro minuti e rovinò anch'essa ed ebbe morte e tomba in un punto stesso e la stessa mattina io acquerelando la penultima veduta di questa raccolta. Romolo Pittore negli anni 33 di mia vita."" Tale album, però, durante l'ultimo restauro, ha subito il distacco della coperta e della legatura, ed ora i disegni sono conservati sciolti in una scatola, indicata come album n. 7. L'iscrizione sul verso si riferisce al disegno successivo all'interno dell'album originario, mentre l'iscrizione relativa a questo disegno è: Veduta della Piazza del Vescovado vista sotto al loggiato del Seminario in Faenza.",donazione,Arnaldo Minardi,1932,,Comune di Faenza,https://bbcc.regione.emilia-romagna.it/pater/data/ravenna/lc-00112/lc-00112_01/219496-album7-tav61-r.jpg,https://bbcc.regione.emilia-romagna.it/pater/data/ravenna/lc-00112/lc-00112_03/219496-album7-tav61-v.jpg,1823,1842
205315,disegno,"Veduta esterna di porta delle Chiavi del Borgo Durbecco, Faenza",Italia,Emilia-Romagna,RA,Faenza,Biblioteca Comunale Manfrediana,Disegni e acquerelli di Romolo Liverani - Repertorio 9,219497 Album 7 - tav. 62,Liverani Romolo,21,28,cm.,carta/ penna/ acquarello,buono,"Macchiato a sfrangiato lungo il margine superiore a causa del nastro adesivo, ora rimosso.","L'album al quale appartiene la presente tavola è ben noto per le preziose vedute di Faenza e territori limitrofi. Anche in questo caso l'iscrizione sul verso fornisce un valido aiuto all'identificazione del luogo, e aggiunge una notizia in più ai punti di riferimento per l'attività del Liverani. Tuttavia lo sguardo, attraverso tale attività, coglie una familiare panoramica di città, paesi, vallate e colline di Romagna e Marche, osservate col diaframma dell'uomo di teatro. Case e luoghi pittoreschi e suggestivi, anche se ricondotti alla dimensione più vera e schietta della vita, acquistano una funzione evocatrice di luoghi e situazioni perenni.","La prima carta dell'album originale, che conteneva il disegno, reca il seguente testo manoscritto autografo: ""Vol. 1. Raccolta di n. 270 vedute della Città di Faenza, Subborghi ed alcune Villeggiature appartenenti a detta Città. Queste vedute furono incominciate sin dal anno 1823 è [sic] in più volte seguite è lasciate, avendole fatte sempre in quel tempo che rimanevano d'agio ho di spasso. Sono, dette vedute, state poste a termine la mattina del 14 settembre 1842, giorno fatale per la memorabile piena delle acque condotte nel fiume, di modoche era la fiumana superiore alle archate da 3 Metri e per due ore il ponte stesso chiuso, poi non potendo più regere allo urto del acqua, sulle 10 e 3/4 della mattina cadde, rovinado [sic] la pilla dalla parte della città, poscia per consenso mancando lapoggio del Arco di Mezzo la Torre che sorregevasi sul altra pila tardò un quattro minuti e rovinò anch'essa ed ebbe morte e tomba in un punto stesso e la stessa mattina io acquerelando la penultima veduta di questa raccolta. Romolo Pittore negli anni 33 di mia vita."" Tale album, però, durante l'ultimo restauro, ha subito il distacco della coperta e della legatura, ed ora i disegni sono conservati sciolti in una scatola, indicata come album n. 7. L'iscrizione sul verso si riferisce al disegno successivo all'interno dell'album originario, mentre l'iscrizione relativa a questo disegno è: Veduta esterna di porta delle Chiavi del Borgo Durbecco di Faenza.",donazione,Arnaldo Minardi,1932,,Comune di Faenza,https://bbcc.regione.emilia-romagna.it/pater/data/ravenna/lc-00112/lc-00112_01/219497-album7-tav62-r.jpg,https://bbcc.regione.emilia-romagna.it/pater/data/ravenna/lc-00112/lc-00112_03/219497-album7-tav62-v.jpg,1823,1842
230323,disegno,Veduta retrostante della Rocca di Brisighella,Italia,Emilia-Romagna,RA,Faenza,Biblioteca Comunale Manfrediana,Disegni e acquerelli di Romolo Liverani - Repertorio 9,1234 Album 8 - tav. 2,Liverani Romolo,16,"20,5",cm.,carta/ penna/ acquarello,buono,,L'iscrizione relativa a questo disegno si trova sul verso della tavola precedente e lo definisce come didietro della Rocca di Brisighella.,"Il disegno in origine apparteneva ad un album; tale album, però, ha subito il distacco della coperta e della legatura, ed ora i disegni sono conservati sciolti in una scatola, indicata come album n. 8. Alcuni di essi presentano interventi di consolidamento attraverso la tecnica della velatura con carta giapponese. L'album è costituito da 168 fogli con disegni a penna acquarellati di formato pressoché simile, costante la lunghezza di cm 20,5, varia l'altezza tra cm 14 e 15,5. Comprende, oltre ad un gruppo di vedute: nn. 1-7 (Brisighella) e nn. 26-28 (Ravenna), numerosi studi di luoghi, usi e costumi, paesaggi e soggetti ameni suddivisi per continenti e copiati dalle tavole contenute nell'opera “Il costume antico e moderno o storia del governo, della milizia, della religione, delle arti, scienze ed usanze di tutti i popoli antichi e moderni provata coi monumenti dell'antichità e rappresentata cogli analoghi disegni del dottor Giulio Ferrario”, pubblicata a Firenze da Vincenzo Batelli a partire dal 1815. Le date presenti sui disegni si riferiscono all'utilizzo dei soggetti in un arco di tempo compreso tra il 1823 e il 1834. Tale album fu acquistato nel 1962, per interessamento di Giuseppe Liverani, direttore del Museo delle Ceramiche, presso la libreria Roma di Roma.",,,,,Comune di Faenza,https://bbcc.regione.emilia-romagna.it/pater/data/ravenna/lc-00112/lc-00112_09/tav2-1234-album8-r.jpg,https://bbcc.regione.emilia-romagna.it/pater/data/ravenna/lc-00112/lc-00112_09/tav2-1234-album8-v.jpg,1823,1834
205292,disegno,Veduta posteriore dell'Osservanza e dei Saleggi fuori Faenza,Italia,Emilia-Romagna,RA,Faenza,Biblioteca Comunale Manfrediana,Disegni e acquerelli di Romolo Liverani - Repertorio 9,219486 Album 7 - tav. 50,Liverani Romolo,22,29,cm.,carta/ penna/ acquarello,buono,"Macchiato e sfrangiato lungo il margine superiore a causa del nastro adesivo, ora rimosso.","L'album al quale appartiene la presente tavola è ben noto per le preziose vedute di Faenza e territori limitrofi. Anche in questo caso l'iscrizione sul verso fornisce un valido aiuto all'identificazione del luogo, e aggiunge una notizia in più ai punti di riferimento per l'attività del Liverani. Tuttavia lo sguardo, attraverso tale attività, coglie una familiare panoramica osservata col diaframma dell'uomo di teatro. Case e luoghi pittoreschi e suggestivi, anche se ricondotti alla dimensione più vera e schietta della vita, acquistano una funzione evocatrice di luoghi e situazioni perenni.","La prima carta dell'album originale, che conteneva il disegno, reca il seguente testo manoscritto autografo: ""Vol. 1. Raccolta di n. 270 vedute della Città di Faenza, Subborghi ed alcune Villeggiature appartenenti a detta Città. Queste vedute furono incominciate sin dal anno 1823 è [sic] in più volte seguite è lasciate, avendole fatte sempre in quel tempo che rimanevano d'agio ho di spasso. Sono, dette vedute, state poste a termine la mattina del 14 settembre 1842, giorno fatale per la memorabile piena delle acque condotte nel fiume, di modoche era la fiumana superiore alle archate da 3 Metri e per due ore il ponte stesso chiuso, poi non potendo più regere allo urto del acqua, sulle 10 e 3/4 della mattina cadde, rovinado [sic] la pilla dalla parte della città, poscia per consenso mancando lapoggio del Arco di Mezzo la Torre che sorregevasi sul altra pila tardò un quattro minuti e rovinò anch'essa ed ebbe morte e tomba in un punto stesso e la stessa mattina io acquerelando la penultima veduta di questa raccolta. Romolo Pittore negli anni 33 di mia vita."" Tale album, però, durante l'ultimo restauro, ha subito il distacco della coperta e della legatura, ed ora i disegni sono conservati sciolti in una scatola, indicata come album n. 7. L'iscrizione sul verso si riferisce al disegno successivo all'interno dell'album originario, mentre l'iscrizione relativa a questo disegno è: Veduta Posteriore del Osservanza, e dei Saleggi Fuori di Faenza.",donazione,Arnaldo Minardi,1932,,Comune di Faenza,https://bbcc.regione.emilia-romagna.it/pater/data/ravenna/lc-00112/lc-00112_01/219486-album7-tav50-r.jpg,https://bbcc.regione.emilia-romagna.it/pater/data/ravenna/lc-00112/lc-00112_03/219486-album7-tav50-v.jpg,1823,1842
205316,disegno,"Veduta del canale del mulino vecchio fuori le mura di S. Ippolito, Faenza",Italia,Emilia-Romagna,RA,Faenza,Biblioteca Comunale Manfrediana,Disegni e acquerelli di Romolo Liverani - Repertorio 9,219498 Album 7 - tav. 63,Liverani Romolo,21,"27,8",cm.,carta/ penna/ acquarello,buono,"Macchiato lungo il margine superiore a causa del nastro adesivo, ora rimosso. Qualche sfrangiatura lungo i margini.","E' uno dei temi che più hanno affascinato Liverani: gli archi misteriosi, sotto cui scorreva il canale di scarico, la parte retrostante del mulino, il ponticello, le erbe fradice di umidità, il senso di frescura nelle torride giornate estive in quell'anfratto oscuro e freddo, sono resi in chiave romantica con particolare maestria.
Sul canale scavato circa a metà del sec. XIII, in sostituzione di altro, che scorreva più all'interno nella città, il mulino di S. Ippolito era uno dei più antichi assieme a quelli del Portello, della Ganga, della Ravegnana, della Croce.","La prima carta dell'album originale, che conteneva il disegno, reca il seguente testo manoscritto autografo: ""Vol. 1. Raccolta di n. 270 vedute della Città di Faenza, Subborghi ed alcune Villeggiature appartenenti a detta Città. Queste vedute furono incominciate sin dal anno 1823 è [sic] in più volte seguite è lasciate, avendole fatte sempre in quel tempo che rimanevano d'agio ho di spasso. Sono, dette vedute, state poste a termine la mattina del 14 settembre 1842, giorno fatale per la memorabile piena delle acque condotte nel fiume, di modoche era la fiumana superiore alle archate da 3 Metri e per due ore il ponte stesso chiuso, poi non potendo più regere allo urto del acqua, sulle 10 e 3/4 della mattina cadde, rovinado [sic] la pilla dalla parte della città, poscia per consenso mancando lapoggio del Arco di Mezzo la Torre che sorregevasi sul altra pila tardò un quattro minuti e rovinò anch'essa ed ebbe morte e tomba in un punto stesso e la stessa mattina io acquerelando la penultima veduta di questa raccolta. Romolo Pittore negli anni 33 di mia vita."" Tale album, però, durante l'ultimo restauro, ha subito il distacco della coperta e della legatura, ed ora i disegni sono conservati sciolti in una scatola, indicata come album n. 7. L'iscrizione sul verso si riferisce al disegno successivo all'interno dell'album originario, mentre l'iscrizione relativa a questo disegno è: Veduta del canale del mulino vecchio fuori le mura di S. Ippolito, Faenza.",donazione,Arnaldo Minardi,1932,,Comune di Faenza,https://bbcc.regione.emilia-romagna.it/pater/data/ravenna/lc-00112/lc-00112_01/219498-album7-tav63-r.jpg,https://bbcc.regione.emilia-romagna.it/pater/data/ravenna/lc-00112/lc-00112_03/219498-album7-tav63-v.jpg,1823,1842
205355,disegno,"Piazzetta e torri del ponte sul Lamone, Faenza",Italia,Emilia-Romagna,RA,Faenza,Biblioteca Comunale Manfrediana,Disegni e acquerelli di Romolo Liverani - Repertorio 9,219508 Album 7 (grande) - tav. 73,Liverani Romolo,28,41,cm.,carta/ penna/ acquarello,discreto,Indebolimento in corrispondenza della piegatura centrale.,"Il ponte medievale a tre archi, che aveva sostituito in epoca imprecisata l'antico ponte romano sul fiume Lamone, era caratterizzato da due torri merlate: l'una posta sulla riva sinistra fungeva da porta della città, l'altra collocata sulla pila tra l'arco centrale e quello sulla sponda verso il Borgo d'Urbecco. Il complesso può farsi risalire ai secoli XIII e XIV e aveva subito vari restauri ed interventi. L'ultimo era stato quello del 1777 di G. Pistocchi che, oltre al selciato, aveva rifatto completamente i parapetti, delimitati alle testate, da larghe basi ovali. Negli anni immediatamente seguenti i tetti, che erano posti sopra i merli delle torri, furono rifatti al di sotto degli stessi. I numerosi disegni di Romolo Liverani, che l'ha ripreso da svariati punti di vista, ce ne hanno tramandato l'immagine fedele ed esauriente.","La prima carta dell'album originale, che conteneva il disegno, reca il seguente testo manoscritto autografo: ""Vol. 1. Raccolta di n. 270 vedute della Città di Faenza, Subborghi ed alcune Villeggiature appartenenti a detta Città. Queste vedute furono incominciate sin dal anno 1823 è [sic] in più volte seguite è lasciate, avendole fatte sempre in quel tempo che rimanevano d'agio ho di spasso. Sono, dette vedute, state poste a termine la mattina del 14 settembre 1842, giorno fatale per la memorabile piena delle acque condotte nel fiume, di modoche era la fiumana superiore alle archate da 3 Metri e per due ore il ponte stesso chiuso, poi non potendo più regere allo urto del acqua, sulle 10 e 3/4 della mattina cadde, rovinado [sic] la pilla dalla parte della città, poscia per consenso mancando lapoggio del Arco di Mezzo la Torre che sorregevasi sul altra pila tardò un quattro minuti e rovinò anch'essa ed ebbe morte e tomba in un punto stesso e la stessa mattina io acquerelando la penultima veduta di questa raccolta. Romolo Pittore negli anni 33 di mia vita."" Tale album, però, durante l'ultimo restauro, ha subito il distacco della coperta e della legatura, ed ora i disegni sono conservati sciolti in una scatola, indicata come album n. 7. ",donazione,Arnaldo Minardi,1932,,Comune di Faenza,https://bbcc.regione.emilia-romagna.it/pater/data/ravenna/lc-00112/lc-00112_01/219508-album7-tav73-r.jpg,https://bbcc.regione.emilia-romagna.it/pater/data/ravenna/lc-00112/lc-00112_03/219508-album7-tav73-v.jpg,1823,1842
205356,disegno,"Ingresso al Passeggio visto da Porta Imolese, Faenza. Mattina",Italia,Emilia-Romagna,RA,Faenza,Biblioteca Comunale Manfrediana,Disegni e acquerelli di Romolo Liverani - Repertorio 9,219509 Album 7 (grande) - tav. 74,Liverani Romolo,28,41,cm.,carta/ penna/ acquarello,buono,Indebolimento in corrispondenza della piegatura centrale.,"In primo piano si nota una specie di ponticello a cinque arcate, sormontato da uno spiovente di lastre di pietra. Non si tratta del ponte di passaggio alla porta, come potrebbe sembrare a prima vista, ma del ponticello che adduceva la conduttura dell'acqua al seicentesco Pubblico Fonte della Piazza. La conduttura superava (a pressione) le mura, internata nel pilastro inclinato addossato alle mura stesse.
L'album al quale appartiene la presente tavola è ben noto per le preziose vedute di Faenza e territori limitrofi. Tuttavia lo sguardo coglie la familiare panoramica col diaframma dell'uomo di teatro. Case e luoghi pittoreschi e suggestivi, anche se ricondotti alla dimensione più vera e schietta della vita, acquistano una funzione evocatrice di luoghi e situazioni perenni.","La prima carta dell'album originale, che conteneva il disegno, reca il seguente testo manoscritto autografo: ""Vol. 1. Raccolta di n. 270 vedute della Città di Faenza, Subborghi ed alcune Villeggiature appartenenti a detta Città. Queste vedute furono incominciate sin dal anno 1823 è [sic] in più volte seguite è lasciate, avendole fatte sempre in quel tempo che rimanevano d'agio ho di spasso. Sono, dette vedute, state poste a termine la mattina del 14 settembre 1842, giorno fatale per la memorabile piena delle acque condotte nel fiume, di modoche era la fiumana superiore alle archate da 3 Metri e per due ore il ponte stesso chiuso, poi non potendo più regere allo urto del acqua, sulle 10 e 3/4 della mattina cadde, rovinado [sic] la pilla dalla parte della città, poscia per consenso mancando lapoggio del Arco di Mezzo la Torre che sorregevasi sul altra pila tardò un quattro minuti e rovinò anch'essa ed ebbe morte e tomba in un punto stesso e la stessa mattina io acquerelando la penultima veduta di questa raccolta. Romolo Pittore negli anni 33 di mia vita."" Tale album, però, durante l'ultimo restauro, ha subito il distacco della coperta e della legatura, ed ora i disegni sono conservati sciolti in una scatola, indicata come album n. 7. ",donazione,Arnaldo Minardi,1932,,Comune di Faenza,https://bbcc.regione.emilia-romagna.it/pater/data/ravenna/lc-00112/lc-00112_01/219509-album7-tav74-r.jpg,https://bbcc.regione.emilia-romagna.it/pater/data/ravenna/lc-00112/lc-00112_03/219509-album7-tav74-v.jpg,1823,1842
205359,disegno,"Loggia e fontana pubblica dette dell'Ospedale o degli Infantini, Faenza",Italia,Emilia-Romagna,RA,Faenza,Biblioteca Comunale Manfrediana,Disegni e acquerelli di Romolo Liverani - Repertorio 9,219510 Album 7 (grande) - tav. 75,Liverani Romolo,28,41,cm.,carta/ penna/ acquarello,buono,Indebolimento in corrispondenza della piegatura centrale.,"""R. Liverani ha qui disegnato le ultime due arcate dell'antica loggia, detta della Beneficenza o della Congregazione di Carità [oggi degli Infantini], che fu costruita verso il 1430. Detta loggia faceva parte dell'Ospedale Casa di Dio, dove ebbero alloggio gli Esposti fino all'anno 1778 circa, all'epoca napoleonica l'edificio divenne sede della prima Congregazione di Carità ed è tuttora proprietà e sede delle Opere Pie Riunite. Nella veduta sono da notare la fontana pubblica addossata al pilastro d'angolo e la porta, con attigua finestra-vetrina della Farmacia dell'Ospedale. La fontana pubblica, una delle primissime quando fu portata l'acqua in Piazza dall'acquedotto dell'Anzoletta, fu trasferita sul finire del 1874 sul muro d'angolo dell'edificio con via Brefotrofio (oggi via Cavour), poi sul finire del secolo fu spostata un poco più in là, quasi di fronte alla soppressa Osteria Spadina, cioè all'osteria della casa degli Spadini, che è quella che si vede in angolo di fronte alla testata della loggia. Si noti che il pilastro d'angolo aveva un ringrosso esterno di rinforzo statico, al quale era addossata la colonna, a sua volta conglobata nel supporto della mostra settecentesca della fontana: un complesso un po' ingombrante che giustificò il trasferimento.[...]"" E. Golfieri","La prima carta dell'album originale, che conteneva il disegno, reca il seguente testo manoscritto autografo: ""Vol. 1. Raccolta di n. 270 vedute della Città di Faenza, Subborghi ed alcune Villeggiature appartenenti a detta Città. Queste vedute furono incominciate sin dal anno 1823 è [sic] in più volte seguite è lasciate, avendole fatte sempre in quel tempo che rimanevano d'agio ho di spasso. Sono, dette vedute, state poste a termine la mattina del 14 settembre 1842, giorno fatale per la memorabile piena delle acque condotte nel fiume, di modoche era la fiumana superiore alle archate da 3 Metri e per due ore il ponte stesso chiuso, poi non potendo più regere allo urto del acqua, sulle 10 e 3/4 della mattina cadde, rovinado [sic] la pilla dalla parte della città, poscia per consenso mancando lapoggio del Arco di Mezzo la Torre che sorregevasi sul altra pila tardò un quattro minuti e rovinò anch'essa ed ebbe morte e tomba in un punto stesso e la stessa mattina io acquerelando la penultima veduta di questa raccolta. Romolo Pittore negli anni 33 di mia vita."" Tale album, però, durante l'ultimo restauro, ha subito il distacco della coperta e della legatura, ed ora i disegni sono conservati sciolti in una scatola, indicata come album n. 7. ",donazione,Arnaldo Minardi,1932,,Comune di Faenza,https://bbcc.regione.emilia-romagna.it/pater/data/ravenna/lc-00112/lc-00112_01/219510-album7-tav75-r.jpg,https://bbcc.regione.emilia-romagna.it/pater/data/ravenna/lc-00112/lc-00112_03/219510-album7-tav75-v.jpg,1823,1842
205367,disegno,"Piazza maggiore vista dal palazzo della Pagnotta, Faenza",Italia,Emilia-Romagna,RA,Faenza,Biblioteca Comunale Manfrediana,Disegni e acquerelli di Romolo Liverani - Repertorio 9,219511 Album 7 (grande) - tav. 76,Liverani Romolo,28,41,cm.,carta/ penna/ acquarello,buono,Indebolimento in corrispondenza della piegatura centrale.,"Il singolare universo del Liverani scenografo è costruito con immagini di scena urbana, piazze in primo luogo, poi vie, vicoli, porte e mura; ma anche di scene extraurbane. Così la piazza spesso esalta la propria nobiltà nella tipologia del genere illustre di piazza teatrale.
I due loggiati sono raffigurati nella loro forma settecentesca: infatti vennero ricostruiti, quello davanti al palazzo Comunale nel 1859 dall'ing. Bosi, e quello del palazzo del Podestà nel 1873-75 dall'ing. Achille Ubaldini.
Quest'ultimo era stato costruito nel 1759 su disegno di G. Campidori ed era chiamato “del teatro”, in quanto il salone dell'antico palazzo del Podestà era stato trasformato a tale uso dell'Accademia dei Remoti. A sinistra l'ala sud di palazzo Laderchi, prospicente la piazza, ala costruita dal conte Lodovico tra il 1783 e il 1786 (per adibirla a circolo detto “Botteghino dei Nobili”) sul luogo di alcune botteghe e della chiesa di S. Biagio. La chiesa, anticamente S. Maria Guidonis, era posta esattamente all'angolo tra corso di porta Ravegnana e via degli Angioli (attuale via XX Settembre).
Attorno al Pubblico Fonte è ancora visibile la cancellata, che fu tolta nel 1897.","La prima carta dell'album originale, che conteneva il disegno, reca il seguente testo manoscritto autografo: ""Vol. 1. Raccolta di n. 270 vedute della Città di Faenza, Subborghi ed alcune Villeggiature appartenenti a detta Città. Queste vedute furono incominciate sin dal anno 1823 è [sic] in più volte seguite è lasciate, avendole fatte sempre in quel tempo che rimanevano d'agio ho di spasso. Sono, dette vedute, state poste a termine la mattina del 14 settembre 1842, giorno fatale per la memorabile piena delle acque condotte nel fiume, di modoche era la fiumana superiore alle archate da 3 Metri e per due ore il ponte stesso chiuso, poi non potendo più regere allo urto del acqua, sulle 10 e 3/4 della mattina cadde, rovinado [sic] la pilla dalla parte della città, poscia per consenso mancando lapoggio del Arco di Mezzo la Torre che sorregevasi sul altra pila tardò un quattro minuti e rovinò anch'essa ed ebbe morte e tomba in un punto stesso e la stessa mattina io acquerelando la penultima veduta di questa raccolta. Romolo Pittore negli anni 33 di mia vita."" Tale album, però, durante l'ultimo restauro, ha subito il distacco della coperta e della legatura, ed ora i disegni sono conservati sciolti in una scatola, indicata come album n. 7. ",donazione,Arnaldo Minardi,1932,,Comune di Faenza,https://bbcc.regione.emilia-romagna.it/pater/data/ravenna/lc-00112/lc-00112_01/219511-album7-tav76-r.jpg,https://bbcc.regione.emilia-romagna.it/pater/data/ravenna/lc-00112/lc-00112_03/219511-album7-tav76-v.jpg,1823,1842
205370,disegno,"Veduta dell'ingresso del Passeggio fuori di Porta Imolese, Faenza. Lume di Luna",Italia,Emilia-Romagna,RA,Faenza,Biblioteca Comunale Manfrediana,Disegni e acquerelli di Romolo Liverani - Repertorio 9,219512 Album 7 (grande) - tav. 77,Liverani Romolo,28,41,cm.,carta/ penna/ acquarello,buono,Indebolimento in corrispondenza della piegatura centrale.,,"La prima carta dell'album originale, che conteneva il disegno, reca il seguente testo manoscritto autografo: ""Vol. 1. Raccolta di n. 270 vedute della Città di Faenza, Subborghi ed alcune Villeggiature appartenenti a detta Città. Queste vedute furono incominciate sin dal anno 1823 è [sic] in più volte seguite è lasciate, avendole fatte sempre in quel tempo che rimanevano d'agio ho di spasso. Sono, dette vedute, state poste a termine la mattina del 14 settembre 1842, giorno fatale per la memorabile piena delle acque condotte nel fiume, di modoche era la fiumana superiore alle archate da 3 Metri e per due ore il ponte stesso chiuso, poi non potendo più regere allo urto del acqua, sulle 10 e 3/4 della mattina cadde, rovinado [sic] la pilla dalla parte della città, poscia per consenso mancando lapoggio del Arco di Mezzo la Torre che sorregevasi sul altra pila tardò un quattro minuti e rovinò anch'essa ed ebbe morte e tomba in un punto stesso e la stessa mattina io acquerelando la penultima veduta di questa raccolta. Romolo Pittore negli anni 33 di mia vita."" Tale album, però, durante l'ultimo restauro, ha subito il distacco della coperta e della legatura, ed ora i disegni sono conservati sciolti in una scatola, indicata come album n. 7. ",donazione,Arnaldo Minardi,1932,,Comune di Faenza,https://bbcc.regione.emilia-romagna.it/pater/data/ravenna/lc-00112/lc-00112_01/219512-album7-tav77-r.jpg,https://bbcc.regione.emilia-romagna.it/pater/data/ravenna/lc-00112/lc-00112_03/219512-album7-tav77-v.jpg,1823,1842
205372,disegno,"Sbocco del canale dietro S. Ippolito fuori dalle mura, Faenza. Mezzogiorno",Italia,Emilia-Romagna,RA,Faenza,Biblioteca Comunale Manfrediana,Disegni e acquerelli di Romolo Liverani - Repertorio 9,219513 Album 7 (grande) - tav. 78,Liverani Romolo,28,41,cm.,carta/ penna/ acquarello,buono,"Indebolimento in corrispondenza della piegatura centrale e piccole fessure nella carta sulla parte destra, causate dalla corrosione acida dell'inchiostro.","E' uno dei temi che più hanno affascinato Liverani: gli archi misteriosi, sotto cui scorreva il canale di scarico, la parte retrostante del mulino, il ponticello, le erbe fradice di umidità, il senso di frescura nelle torride giornate estive in quell'anfratto oscuro e freddo, sono resi in chiave romantica con particolare maestria, fissando le ultime testimonianze di un passato esaltato dalla storia e dal dramma e suscitando fantasmi di piranesiana memoria.
Sul canale scavato circa a metà del sec. XIII, in sostituzione di altro, che scorreva più all'interno nella città, il mulino di S. Ippolito era uno dei più antichi assieme a quelli del Portello, della Ganga, della Ravegnana, della Croce.","La prima carta dell'album originale, che conteneva il disegno, reca il seguente testo manoscritto autografo: ""Vol. 1. Raccolta di n. 270 vedute della Città di Faenza, Subborghi ed alcune Villeggiature appartenenti a detta Città. Queste vedute furono incominciate sin dal anno 1823 è [sic] in più volte seguite è lasciate, avendole fatte sempre in quel tempo che rimanevano d'agio ho di spasso. Sono, dette vedute, state poste a termine la mattina del 14 settembre 1842, giorno fatale per la memorabile piena delle acque condotte nel fiume, di modoche era la fiumana superiore alle archate da 3 Metri e per due ore il ponte stesso chiuso, poi non potendo più regere allo urto del acqua, sulle 10 e 3/4 della mattina cadde, rovinado [sic] la pilla dalla parte della città, poscia per consenso mancando lapoggio del Arco di Mezzo la Torre che sorregevasi sul altra pila tardò un quattro minuti e rovinò anch'essa ed ebbe morte e tomba in un punto stesso e la stessa mattina io acquerelando la penultima veduta di questa raccolta. Romolo Pittore negli anni 33 di mia vita."" Tale album, però, durante l'ultimo restauro, ha subito il distacco della coperta e della legatura, ed ora i disegni sono conservati sciolti in una scatola, indicata come album n. 7. ",donazione,Arnaldo Minardi,1932,,Comune di Faenza,https://bbcc.regione.emilia-romagna.it/pater/data/ravenna/lc-00112/lc-00112_01/219513-album7-tav78-r.jpg,https://bbcc.regione.emilia-romagna.it/pater/data/ravenna/lc-00112/lc-00112_03/219513-album7-tav78-v.jpg,1823,1842
205373,disegno,"Veduta esterna di Porta Montanara vista dalla strada che conduce a Brisighella, Faenza",Italia,Emilia-Romagna,RA,Faenza,Biblioteca Comunale Manfrediana,Disegni e acquerelli di Romolo Liverani - Repertorio 9,219514 Album 7 (grande) - tav. 79,Liverani Romolo,28,41,cm.,carta/ penna/ acquarello,buono,Indebolimento in corrispondenza della piegatura centrale.,"""La presente veduta raffigura l'ultimo tratto della strada verso Brisighella, con la Porta in lontananza; sulla sinistra, all'imbocco dello Stradello dei Cappuccini, si vedono la celletta e i due pilastrini, che alla fine dell'800 vennero distrutti. Solo i pilastrini furono ricostruiti nel 1837. Sullo sfondo la chiesa di S. Agostino col campanile e la torre dell'orologio."" L. Savelli","La prima carta dell'album originale, che conteneva il disegno, reca il seguente testo manoscritto autografo: ""Vol. 1. Raccolta di n. 270 vedute della Città di Faenza, Subborghi ed alcune Villeggiature appartenenti a detta Città. Queste vedute furono incominciate sin dal anno 1823 è [sic] in più volte seguite è lasciate, avendole fatte sempre in quel tempo che rimanevano d'agio ho di spasso. Sono, dette vedute, state poste a termine la mattina del 14 settembre 1842, giorno fatale per la memorabile piena delle acque condotte nel fiume, di modoche era la fiumana superiore alle archate da 3 Metri e per due ore il ponte stesso chiuso, poi non potendo più regere allo urto del acqua, sulle 10 e 3/4 della mattina cadde, rovinado [sic] la pilla dalla parte della città, poscia per consenso mancando lapoggio del Arco di Mezzo la Torre che sorregevasi sul altra pila tardò un quattro minuti e rovinò anch'essa ed ebbe morte e tomba in un punto stesso e la stessa mattina io acquerelando la penultima veduta di questa raccolta. Romolo Pittore negli anni 33 di mia vita."" Tale album, però, durante l'ultimo restauro, ha subito il distacco della coperta e della legatura, ed ora i disegni sono conservati sciolti in una scatola, indicata come album n. 7. ",donazione,Arnaldo Minardi,1932,,Comune di Faenza,https://bbcc.regione.emilia-romagna.it/pater/data/ravenna/lc-00112/lc-00112_01/219514-album7-tav79-r.jpg,https://bbcc.regione.emilia-romagna.it/pater/data/ravenna/lc-00112/lc-00112_03/219514-album7-tav79-v.jpg,1823,1842
205377,disegno,"Stradello dei Cappucini che conduce alle Bocche dei Canali fuori Faenza. Mezza Mattina.
",Italia,Emilia-Romagna,RA,Faenza,Biblioteca Comunale Manfrediana,Disegni e acquerelli di Romolo Liverani - Repertorio 9,219515 Album 7 (grande) - tav. 80,Liverani Romolo,28,41,cm.,carta/ penna/ acquarello,buono,Indebolimento in corrispondenza della piegatura centrale.,"L'album al quale appartiene la presente tavola è ben noto per le preziose vedute di Faenza e territori limitrofi. Anche in questo caso l'iscrizione sul verso fornisce un valido aiuto all'identificazione del luogo, e aggiunge una notizia in più ai punti di riferimento per l'attività del Liverani. Tuttavia lo sguardo, attraverso tale attività, coglie una familiare panoramica di città, paesi, vallate e colline di Romagna e Marche, osservate col diaframma dell'uomo di teatro. Luoghi pittoreschi e suggestivi, anche se ricondotti alla dimensione più vera e schietta della vita, acquistano una funzione evocatrice di luoghi e situazioni perenni.
","La prima carta dell'album originale, che conteneva il disegno, reca il seguente testo manoscritto autografo: ""Vol. 1. Raccolta di n. 270 vedute della Città di Faenza, Subborghi ed alcune Villeggiature appartenenti a detta Città. Queste vedute furono incominciate sin dal anno 1823 è [sic] in più volte seguite è lasciate, avendole fatte sempre in quel tempo che rimanevano d'agio ho di spasso. Sono, dette vedute, state poste a termine la mattina del 14 settembre 1842, giorno fatale per la memorabile piena delle acque condotte nel fiume, di modoche era la fiumana superiore alle archate da 3 Metri e per due ore il ponte stesso chiuso, poi non potendo più regere allo urto del acqua, sulle 10 e 3/4 della mattina cadde, rovinado [sic] la pilla dalla parte della città, poscia per consenso mancando lapoggio del Arco di Mezzo la Torre che sorregevasi sul altra pila tardò un quattro minuti e rovinò anch'essa ed ebbe morte e tomba in un punto stesso e la stessa mattina io acquerelando la penultima veduta di questa raccolta. Romolo Pittore negli anni 33 di mia vita."" Tale album, però, durante l'ultimo restauro, ha subito il distacco della coperta e della legatura, ed ora i disegni sono conservati sciolti in una scatola, indicata come album n. 7. ",donazione,Arnaldo Minardi,1932,,Comune di Faenza,https://bbcc.regione.emilia-romagna.it/pater/data/ravenna/lc-00112/lc-00112_01/219515-album7-tav80-r.jpg,https://bbcc.regione.emilia-romagna.it/pater/data/ravenna/lc-00112/lc-00112_03/219515-album7-tav80-v.jpg,1823,1842
230335,disegno,Cortile interno della Rocca di Brisighella,Italia,Emilia-Romagna,RA,Faenza,Biblioteca Comunale Manfrediana,Disegni e acquerelli di Romolo Liverani - Repertorio 9,1235 Album 8 - tav. 3,Liverani Romolo,20.5,16,cm.,carta/ penna/ acquarello,buono,,L'iscrizione relativa a questo disegno si trova sul verso della tavola precedente e lo definisce come cortile interno della Rocca di Brisighella.,"Il disegno in origine apparteneva ad un album; tale album, però, ha subito il distacco della coperta e della legatura, ed ora i disegni sono conservati sciolti in una scatola, indicata come album n. 8. Alcuni di essi presentano interventi di consolidamento attraverso la tecnica della velatura con carta giapponese. L'album è costituito da 168 fogli con disegni a penna acquarellati di formato pressoché simile, costante la lunghezza di cm 20,5, varia l'altezza tra cm 14 e 15,5. Comprende, oltre ad un gruppo di vedute: nn. 1-7 (Brisighella) e nn. 26-28 (Ravenna), numerosi studi di luoghi, usi e costumi, paesaggi e soggetti ameni suddivisi per continenti e copiati dalle tavole contenute nell'opera “Il costume antico e moderno o storia del governo, della milizia, della religione, delle arti, scienze ed usanze di tutti i popoli antichi e moderni provata coi monumenti dell'antichità e rappresentata cogli analoghi disegni del dottor Giulio Ferrario”, pubblicata a Firenze da Vincenzo Batelli a partire dal 1815. Le date presenti sui disegni si riferiscono all'utilizzo dei soggetti in un arco di tempo compreso tra il 1823 e il 1834. Tale album fu acquistato nel 1962, per interessamento di Giuseppe Liverani, direttore del Museo delle Ceramiche, presso la libreria Roma di Roma.",,,,,Comune di Faenza,https://bbcc.regione.emilia-romagna.it/pater/data/ravenna/lc-00112/lc-00112_09/tav3-1235-album8-r.jpg,https://bbcc.regione.emilia-romagna.it/pater/data/ravenna/lc-00112/lc-00112_09/tav3-1235-album8-v.jpg,1823,1834
230337,disegno,Vista di Brisighella ,Italia,Emilia-Romagna,RA,Faenza,Biblioteca Comunale Manfrediana,Disegni e acquerelli di Romolo Liverani - Repertorio 9,1236 Album 8 - tav. 4,Liverani Romolo,"15,6","20,5",cm.,carta/ penna/ acquarello,buono,,"L'iscrizione relativa a questo disegno si trova sulla tavola successiva, la n. 5, e lo definisce come vista di Brisighella dalla strada dell'Osservanza.","Il disegno in origine apparteneva ad un album; tale album, però, ha subito il distacco della coperta e della legatura, ed ora i disegni sono conservati sciolti in una scatola, indicata come album n. 8. Alcuni di essi presentano interventi di consolidamento attraverso la tecnica della velatura con carta giapponese. L'album è costituito da 168 fogli con disegni a penna acquarellati di formato pressoché simile, costante la lunghezza di cm 20,5, varia l'altezza tra cm 14 e 15,5. Comprende, oltre ad un gruppo di vedute: nn. 1-7 (Brisighella) e nn. 26-28 (Ravenna), numerosi studi di luoghi, usi e costumi, paesaggi e soggetti ameni suddivisi per continenti e copiati dalle tavole contenute nell'opera “Il costume antico e moderno o storia del governo, della milizia, della religione, delle arti, scienze ed usanze di tutti i popoli antichi e moderni provata coi monumenti dell'antichità e rappresentata cogli analoghi disegni del dottor Giulio Ferrario”, pubblicata a Firenze da Vincenzo Batelli a partire dal 1815. Le date presenti sui disegni si riferiscono all'utilizzo dei soggetti in un arco di tempo compreso tra il 1823 e il 1834. Tale album fu acquistato nel 1962, per interessamento di Giuseppe Liverani, direttore del Museo delle Ceramiche, presso la libreria Roma di Roma.",,,,,Comune di Faenza,https://bbcc.regione.emilia-romagna.it/pater/data/ravenna/lc-00112/lc-00112_09/tav4-1236-album8-r.jpg,https://bbcc.regione.emilia-romagna.it/pater/data/ravenna/lc-00112/lc-00112_09/tav4-1236-album8-v.jpg,1823,1834
205301,disegno,"Porta Imolese, Faenza",Italia,Emilia-Romagna,RA,Faenza,Biblioteca Comunale Manfrediana,Disegni e acquerelli di Romolo Liverani - Repertorio 9,219490 Album 7 - tav. 55,Liverani Romolo,21,28,cm.,carta/ penna/ acquarello,buono,"Macchiato lungo il margine superiore a causa del nastro adesivo, ora rimosso. Sfrangiature lungo i margini.","In primo piano si nota una specie di ponticello a cinque arcate, sormontato da uno spiovente di lastre di pietra: in questo disegno, e ancor più chiaramente nella tav. 74 di questo album, si nota tale manufatto. Non si tratta del ponte di passaggio alla porta, come potrebbe sembrare a prima vista, ma del ponticello che adduceva la conduttura dell'acqua al seicentesco Pubblico Fonte della Piazza. La conduttura superava (a pressione) le mura, internata nel pilastro inclinato addossato alle mura stesse.","La prima carta dell'album originale, che conteneva il disegno, reca il seguente testo manoscritto autografo: ""Vol. 1. Raccolta di n. 270 vedute della Città di Faenza, Subborghi ed alcune Villeggiature appartenenti a detta Città. Queste vedute furono incominciate sin dal anno 1823 è [sic] in più volte seguite è lasciate, avendole fatte sempre in quel tempo che rimanevano d'agio ho di spasso. Sono, dette vedute, state poste a termine la mattina del 14 settembre 1842, giorno fatale per la memorabile piena delle acque condotte nel fiume, di modoche era la fiumana superiore alle archate da 3 Metri e per due ore il ponte stesso chiuso, poi non potendo più regere allo urto del acqua, sulle 10 e 3/4 della mattina cadde, rovinado [sic] la pilla dalla parte della città, poscia per consenso mancando lapoggio del Arco di Mezzo la Torre che sorregevasi sul altra pila tardò un quattro minuti e rovinò anch'essa ed ebbe morte e tomba in un punto stesso e la stessa mattina io acquerelando la penultima veduta di questa raccolta. Romolo Pittore negli anni 33 di mia vita."" Tale album, però, durante l'ultimo restauro, ha subito il distacco della coperta e della legatura, ed ora i disegni sono conservati sciolti in una scatola, indicata come album n. 7. L'iscrizione sul verso si riferisce al disegno successivo all'interno dell'album originario, mentre l'iscrizione relativa a questo disegno è: Veduta esterna di Porta Imolese di Faenza.",donazione,Arnaldo Minardi,1932,,Comune di Faenza,https://bbcc.regione.emilia-romagna.it/pater/data/ravenna/lc-00112/lc-00112_01/219490-album7-tav55-r.jpg,https://bbcc.regione.emilia-romagna.it/pater/data/ravenna/lc-00112/lc-00112_03/219490-album7-tav55-v.jpg,1823,1842
205302,disegno,"Veduta esterna di Porta Pia e Canale Naviglio, Faenza",Italia,Emilia-Romagna,RA,Faenza,Biblioteca Comunale Manfrediana,Disegni e acquerelli di Romolo Liverani - Repertorio 9,219491 Album 7 - tav. 56,Liverani Romolo,21,28,cm.,carta/ penna/ acquarello,buono,"Macchiato lungo il margine superiore a causa del nastro adesivo, ora rimosso.","""[La porta] fu aperta nel 1791 per rendere più comodo l'accesso dalla città al porto terminale del Canale naviglio Zanelli, da poco inaugurato. Fu chiamata Pia in onore del papa Pio VII; purtroppo anch'essa è stata distrutta durante l'ultima guerra. Il campanile che spunta, sulla destra, nel disegno, è quello di S. Chiara."" L. Savelli.
Qui è evidente l'intento di ricondurre una veduta urbana della città al suo aspetto quotidiano, caratterizzandola con un'atmosfera popolare non ancora aggredita dai meccanismi di regolarizzazione edilizia ottocentesca. Ciò non toglie che case e luoghi pittoreschi e suggestivi, anche se ricondotti alla dimensione più vera e schietta della vita, acquistino una funzione evocatrice di luoghi e situazioni perenni.","La prima carta dell'album originale, che conteneva il disegno, reca il seguente testo manoscritto autografo: ""Vol. 1. Raccolta di n. 270 vedute della Città di Faenza, Subborghi ed alcune Villeggiature appartenenti a detta Città. Queste vedute furono incominciate sin dal anno 1823 è [sic] in più volte seguite è lasciate, avendole fatte sempre in quel tempo che rimanevano d'agio ho di spasso. Sono, dette vedute, state poste a termine la mattina del 14 settembre 1842, giorno fatale per la memorabile piena delle acque condotte nel fiume, di modoche era la fiumana superiore alle archate da 3 Metri e per due ore il ponte stesso chiuso, poi non potendo più regere allo urto del acqua, sulle 10 e 3/4 della mattina cadde, rovinado [sic] la pilla dalla parte della città, poscia per consenso mancando lapoggio del Arco di Mezzo la Torre che sorregevasi sul altra pila tardò un quattro minuti e rovinò anch'essa ed ebbe morte e tomba in un punto stesso e la stessa mattina io acquerelando la penultima veduta di questa raccolta. Romolo Pittore negli anni 33 di mia vita."" Tale album, però, durante l'ultimo restauro, ha subito il distacco della coperta e della legatura, ed ora i disegni sono conservati sciolti in una scatola, indicata come album n. 7. L'iscrizione sul verso si riferisce al disegno successivo all'interno dell'album originario, mentre l'iscrizione relativa a questo disegno è: Veduta esterna di Porta Pia e Canal Naviglio di Faenza.",donazione,Arnaldo Minardi,1932,,Comune di Faenza,https://bbcc.regione.emilia-romagna.it/pater/data/ravenna/lc-00112/lc-00112_01/219491-album7-tav56-r.jpg,https://bbcc.regione.emilia-romagna.it/pater/data/ravenna/lc-00112/lc-00112_03/219491-album7-tav56-v.jpg,1823,1842
205304,disegno,"Veduta del mulino vecchio fuori le mura di S. Ippolito, Faenza",Italia,Emilia-Romagna,RA,Faenza,Biblioteca Comunale Manfrediana,Disegni e acquerelli di Romolo Liverani - Repertorio 9,219492 Album 7 - tav. 57,Liverani Romolo,28,21,cm.,carta/ penna/ acquarello,buono,"Macchiato e sfrangiato lungo il margine superiore a causa del nastro adesivo, ora rimosso.","E' uno dei temi che più hanno affascinato Liverani: gli archi misteriosi, sotto cui scorreva il canale di scarico, la parte retrostante del mulino, il ponticello, le erbe fradice di umidità, il senso di frescura nelle torride giornate estive in quell'anfratto oscuro e freddo, sono resi in chiave romantica con particolare maestria.
Sul canale scavato circa a metà del sec. XIII, in sostituzione di altro, che scorreva più all'interno nella città, il mulino di S. Ippolito era uno dei più antichi assieme a quelli del Portello, della Ganga, della Ravegnana, della Croce.
Emerge qui con chiarezza l'addestramento di Liverani all'effetto scenico con avvincenti tagli di luce laterali e contrasti drammatici tra il primo piano e la lontananza, con echi della cultura giovanile scaligera ed emiliana.","La prima carta dell'album originale, che conteneva il disegno, reca il seguente testo manoscritto autografo: ""Vol. 1. Raccolta di n. 270 vedute della Città di Faenza, Subborghi ed alcune Villeggiature appartenenti a detta Città. Queste vedute furono incominciate sin dal anno 1823 è [sic] in più volte seguite è lasciate, avendole fatte sempre in quel tempo che rimanevano d'agio ho di spasso. Sono, dette vedute, state poste a termine la mattina del 14 settembre 1842, giorno fatale per la memorabile piena delle acque condotte nel fiume, di modoche era la fiumana superiore alle archate da 3 Metri e per due ore il ponte stesso chiuso, poi non potendo più regere allo urto del acqua, sulle 10 e 3/4 della mattina cadde, rovinado [sic] la pilla dalla parte della città, poscia per consenso mancando lapoggio del Arco di Mezzo la Torre che sorregevasi sul altra pila tardò un quattro minuti e rovinò anch'essa ed ebbe morte e tomba in un punto stesso e la stessa mattina io acquerelando la penultima veduta di questa raccolta. Romolo Pittore negli anni 33 di mia vita."" Tale album, però, durante l'ultimo restauro, ha subito il distacco della coperta e della legatura, ed ora i disegni sono conservati sciolti in una scatola, indicata come album n. 7. L'iscrizione sul verso si riferisce al disegno successivo all'interno dell'album originario, mentre l'iscrizione relativa a questo disegno è: Veduta del Molino Vecchio Fuori le Mura di S. Ippolito in Faenza.",donazione,Arnaldo Minardi,1932,,Comune di Faenza,https://bbcc.regione.emilia-romagna.it/pater/data/ravenna/lc-00112/lc-00112_01/219492-album7-tav57-r.jpg,https://bbcc.regione.emilia-romagna.it/pater/data/ravenna/lc-00112/lc-00112_03/219492-album7-tav57-v.jpg,1823,1842
205305,disegno,"Veduta del Caffè sul Pubblico Passeggio, Faenza",Italia,Emilia-Romagna,RA,Faenza,Biblioteca Comunale Manfrediana,Disegni e acquerelli di Romolo Liverani - Repertorio 9,219493 Album 7 - tav. 58,Liverani Romolo,21,28,cm.,carta/ penna/ acquarello,buono,"Macchiato e sfrangiato lungo il margine superiore a causa del nastro adesivo, ora rimosso.","Sul luogo ove già esisteva una nicchia con vasca e fontana, fu costruita, nel 1824, su disegno di Pietro Tomba, la Prospettiva del Fontanone, come fondale del Pubblico Passeggio (Stradone). La porta immetteva in una saletta semicircolare adibita a caffè. Il progetto originario prevedeva: rivestimento di stucco per le paraste e le cornici, intonaco finissimo per le pareti a finto bugnato, terracotta per i capitelli, basamenti e altre decorazioni, facendo assumere alla costruzione un raffinato aspetto cromatico. 
L'album al quale appartiene la presente tavola è ben noto per le preziose vedute di Faenza e territori limitrofi. Case e luoghi pittoreschi e suggestivi, anche se ricondotti alla dimensione più vera e schietta della vita, acquistano una funzione evocatrice di luoghi e situazioni perenni. E' un mondo dove la presenza dell'uomo si avverte discreta, quasi impalpabile, tangibile caso mai, nel senso del fluire della storia che è fatta anche di attività quotidiane, ma ciò che Romolo vede è l'ambiente del suo personale spettacolo teatrale.","La prima carta dell'album originale, che conteneva il disegno, reca il seguente testo manoscritto autografo: ""Vol. 1. Raccolta di n. 270 vedute della Città di Faenza, Subborghi ed alcune Villeggiature appartenenti a detta Città. Queste vedute furono incominciate sin dal anno 1823 è [sic] in più volte seguite è lasciate, avendole fatte sempre in quel tempo che rimanevano d'agio ho di spasso. Sono, dette vedute, state poste a termine la mattina del 14 settembre 1842, giorno fatale per la memorabile piena delle acque condotte nel fiume, di modoche era la fiumana superiore alle archate da 3 Metri e per due ore il ponte stesso chiuso, poi non potendo più regere allo urto del acqua, sulle 10 e 3/4 della mattina cadde, rovinado [sic] la pilla dalla parte della città, poscia per consenso mancando lapoggio del Arco di Mezzo la Torre che sorregevasi sul altra pila tardò un quattro minuti e rovinò anch'essa ed ebbe morte e tomba in un punto stesso e la stessa mattina io acquerelando la penultima veduta di questa raccolta. Romolo Pittore negli anni 33 di mia vita."" Tale album, però, durante l'ultimo restauro, ha subito il distacco della coperta e della legatura, ed ora i disegni sono conservati sciolti in una scatola, indicata come album n. 7. L'iscrizione sul verso si riferisce al disegno successivo all'interno dell'album originario, mentre l'iscrizione relativa a questo disegno è: Veduta del Caffè sul Pubblico Passeggio fuori di Faenza.",donazione,Arnaldo Minardi,1932,,Comune di Faenza,https://bbcc.regione.emilia-romagna.it/pater/data/ravenna/lc-00112/lc-00112_01/219493-album7-tav58-r.jpg,https://bbcc.regione.emilia-romagna.it/pater/data/ravenna/lc-00112/lc-00112_03/219493-album7-tav58-v.jpg,1823,1842
205306,disegno,Veduta esterna dei frati Cappuccini fuori Faenza,Italia,Emilia-Romagna,RA,Faenza,Biblioteca Comunale Manfrediana,Disegni e acquerelli di Romolo Liverani - Repertorio 9,219494 Album 7 - tav. 59,Liverani Romolo,21,28,cm.,carta/ penna/ acquarello,buono,"Macchiato e sfrangiato lungo il margine superiore a causa del nastro adesivo, ora rimosso.","Il convento dei Cappuccini, costruito alla fine del Cinquecento nelle vicinanze della città, ma in aperta campagna, lungo il canale che alimentava i molini entro l'abitato, ebbe varie aggiunte di carattere settecentesco, come il portichetto della chiesa e il pilastro di testata del muro: si era mantenuto fino a circa la metà del Ventesimo secolo, quale lo disegnò Liverani nella prima metà dell'Ottocento. E' rimasta riconoscibile solo la parte retrostante del Convento con il muro della clausura e le cappelle. Ora tutto è mutato e la zona rientra nella fascia urbanizzata.
In questa tavola la veduta acquista un valore conoscitivo non certo marginale per uno scenografo. L'inesauribile vena di Romolo, infatti è stimolata tanto dal sogno romantico e dal verosimile teatrale quanto dal vero, poichè è il reale a fornire pretesto e soggetto al verosimile.","La prima carta dell'album originale, che conteneva il disegno, reca il seguente testo manoscritto autografo: ""Vol. 1. Raccolta di n. 270 vedute della Città di Faenza, Subborghi ed alcune Villeggiature appartenenti a detta Città. Queste vedute furono incominciate sin dal anno 1823 è [sic] in più volte seguite è lasciate, avendole fatte sempre in quel tempo che rimanevano d'agio ho di spasso. Sono, dette vedute, state poste a termine la mattina del 14 settembre 1842, giorno fatale per la memorabile piena delle acque condotte nel fiume, di modoche era la fiumana superiore alle archate da 3 Metri e per due ore il ponte stesso chiuso, poi non potendo più regere allo urto del acqua, sulle 10 e 3/4 della mattina cadde, rovinado [sic] la pilla dalla parte della città, poscia per consenso mancando lapoggio del Arco di Mezzo la Torre che sorregevasi sul altra pila tardò un quattro minuti e rovinò anch'essa ed ebbe morte e tomba in un punto stesso e la stessa mattina io acquerelando la penultima veduta di questa raccolta. Romolo Pittore negli anni 33 di mia vita."" Tale album, però, durante l'ultimo restauro, ha subito il distacco della coperta e della legatura, ed ora i disegni sono conservati sciolti in una scatola, indicata come album n. 7. L'iscrizione sul verso si riferisce al disegno successivo all'interno dell'album originario, mentre l'iscrizione relativa a questo disegno è: Veduta esterna dei frati Cappuccini fuori Faenza.",donazione,Arnaldo Minardi,1932,,Comune di Faenza,https://bbcc.regione.emilia-romagna.it/pater/data/ravenna/lc-00112/lc-00112_01/219494-album7-tav59-r.jpg,https://bbcc.regione.emilia-romagna.it/pater/data/ravenna/lc-00112/lc-00112_03/219494-album7-tav59-v.jpg,1823,1842
205317,disegno,"Veduta del borghetto fuori di Porta Ravegnana, Faenza",Italia,Emilia-Romagna,RA,Faenza,Biblioteca Comunale Manfrediana,Disegni e acquerelli di Romolo Liverani - Repertorio 9,219499 Album 7 - tav. 64,Liverani Romolo,21,28,cm.,carta/ penna/ acquarello,buono,"Macchiato e sfrangiato lungo il margine superiore a causa del nastro adesivo, ora rimosso.","Tipica veduta di ambiente popolare, definita da Liverani ""il Burgotto"": le casette, il vicolo, il cortile con il pozzo e i servizi in comune, l'atmosfera che avvolge il luogo sono resi nel segno di Liverani in modo partecipe per quella vita modesta, così vicina al suo animo e alla sua sensibilità, e in cui ritrovava se stesso e le sue radici.
Case e luoghi pittoreschi e suggestivi, anche se ricondotti alla dimensione più vera e schietta della vita, acquistano, però, una funzione evocatrice di luoghi e situazioni perenni.","La prima carta dell'album originale, che conteneva il disegno, reca il seguente testo manoscritto autografo: ""Vol. 1. Raccolta di n. 270 vedute della Città di Faenza, Subborghi ed alcune Villeggiature appartenenti a detta Città. Queste vedute furono incominciate sin dal anno 1823 è [sic] in più volte seguite è lasciate, avendole fatte sempre in quel tempo che rimanevano d'agio ho di spasso. Sono, dette vedute, state poste a termine la mattina del 14 settembre 1842, giorno fatale per la memorabile piena delle acque condotte nel fiume, di modoche era la fiumana superiore alle archate da 3 Metri e per due ore il ponte stesso chiuso, poi non potendo più regere allo urto del acqua, sulle 10 e 3/4 della mattina cadde, rovinado [sic] la pilla dalla parte della città, poscia per consenso mancando lapoggio del Arco di Mezzo la Torre che sorregevasi sul altra pila tardò un quattro minuti e rovinò anch'essa ed ebbe morte e tomba in un punto stesso e la stessa mattina io acquerelando la penultima veduta di questa raccolta. Romolo Pittore negli anni 33 di mia vita."" Tale album, però, durante l'ultimo restauro, ha subito il distacco della coperta e della legatura, ed ora i disegni sono conservati sciolti in una scatola, indicata come album n. 7. L'iscrizione sul verso si riferisce al disegno successivo all'interno dell'album originario, mentre l'iscrizione relativa a questo disegno è:	Veduta del Burghotto [Borgotto] fuori di Porta Ravegnana, Faenza.",donazione,Arnaldo Minardi,1932,,Comune di Faenza,https://bbcc.regione.emilia-romagna.it/pater/data/ravenna/lc-00112/lc-00112_01/219499-album7-tav64-r.jpg,https://bbcc.regione.emilia-romagna.it/pater/data/ravenna/lc-00112/lc-00112_03/219499-album7-tav64-v.jpg,1823,1842
205334,disegno,"Veduta di fianco di S. Rocco, Faenza",Italia,Emilia-Romagna,RA,Faenza,Biblioteca Comunale Manfrediana,Disegni e acquerelli di Romolo Liverani - Repertorio 9,219501 Album 7 - tav. 66,Liverani Romolo,21,28,cm.,carta/ penna/ acquarello,buono,"Macchiato lungo il margine superiore a causa del nastro adesivo, ora rimosso.",,"La prima carta dell'album originale, che conteneva il disegno, reca il seguente testo manoscritto autografo: ""Vol. 1. Raccolta di n. 270 vedute della Città di Faenza, Subborghi ed alcune Villeggiature appartenenti a detta Città. Queste vedute furono incominciate sin dal anno 1823 è [sic] in più volte seguite è lasciate, avendole fatte sempre in quel tempo che rimanevano d'agio ho di spasso. Sono, dette vedute, state poste a termine la mattina del 14 settembre 1842, giorno fatale per la memorabile piena delle acque condotte nel fiume, di modoche era la fiumana superiore alle archate da 3 Metri e per due ore il ponte stesso chiuso, poi non potendo più regere allo urto del acqua, sulle 10 e 3/4 della mattina cadde, rovinado [sic] la pilla dalla parte della città, poscia per consenso mancando lapoggio del Arco di Mezzo la Torre che sorregevasi sul altra pila tardò un quattro minuti e rovinò anch'essa ed ebbe morte e tomba in un punto stesso e la stessa mattina io acquerelando la penultima veduta di questa raccolta. Romolo Pittore negli anni 33 di mia vita."" Tale album, però, durante l'ultimo restauro, ha subito il distacco della coperta e della legatura, ed ora i disegni sono conservati sciolti in una scatola, indicata come album n. 7. L'iscrizione sul verso si riferisce al disegno successivo all'interno dell'album originario, mentre l'iscrizione relativa a questo disegno è: Veduta di Fianco di S. Rocco in Faenza.",donazione,Arnaldo Minardi,1932,,Comune di Faenza,https://bbcc.regione.emilia-romagna.it/pater/data/ravenna/lc-00112/lc-00112_01/219501-album7-tav66-r.jpg,https://bbcc.regione.emilia-romagna.it/pater/data/ravenna/lc-00112/lc-00112_03/219501-album7-tav66-v.jpg,1823,1842
205336,disegno,"Veduta delle mura della Ganga dalla circonvallazione, Faenza",Italia,Emilia-Romagna,RA,Faenza,Biblioteca Comunale Manfrediana,Disegni e acquerelli di Romolo Liverani - Repertorio 9,219502 Album 7 - tav. 67,Liverani Romolo,21,28,cm.,carta/ penna/ acquarello,buono,"Macchiato lungo il margine superiore a causa del nastro adesivo, ora rimosso.","Si riconoscono in questa tavola la parte absidale e il campanile di S. Domenico: a sinistra si notano la parte terminale della Ganga e la torretta con archi (ancora esistente), che era adiacente all'antico Filatoio comunale e forse adibita all'uso del medesimo. La Ganga era la strada che proseguiva da via del Filatoio (attuale corso Baccarini) e terminava sulle mura. Negli ultimi anni dell'Ottocento, costruendosi il Viale della Stazione, ne venne abbattuto un lato: rimase solo il lato destro ancora esistente.
L'album al quale appartiene la presente tavola è ben noto per le preziose vedute di Faenza e territori limitrofi. Tuttavia lo sguardo, attraverso tale attività, coglie una familiare panoramica di città, paesi, vallate e colline di Romagna e Marche, osservate col diaframma dell'uomo di teatro. Case e luoghi pittoreschi e suggestivi, anche se ricondotti alla dimensione più vera e schietta della vita, acquistano una funzione evocatrice di luoghi e situazioni perenni.","La prima carta dell'album originale, che conteneva il disegno, reca il seguente testo manoscritto autografo: ""Vol. 1. Raccolta di n. 270 vedute della Città di Faenza, Subborghi ed alcune Villeggiature appartenenti a detta Città. Queste vedute furono incominciate sin dal anno 1823 è [sic] in più volte seguite è lasciate, avendole fatte sempre in quel tempo che rimanevano d'agio ho di spasso. Sono, dette vedute, state poste a termine la mattina del 14 settembre 1842, giorno fatale per la memorabile piena delle acque condotte nel fiume, di modoche era la fiumana superiore alle archate da 3 Metri e per due ore il ponte stesso chiuso, poi non potendo più regere allo urto del acqua, sulle 10 e 3/4 della mattina cadde, rovinado [sic] la pilla dalla parte della città, poscia per consenso mancando lapoggio del Arco di Mezzo la Torre che sorregevasi sul altra pila tardò un quattro minuti e rovinò anch'essa ed ebbe morte e tomba in un punto stesso e la stessa mattina io acquerelando la penultima veduta di questa raccolta. Romolo Pittore negli anni 33 di mia vita."" Tale album, però, durante l'ultimo restauro, ha subito il distacco della coperta e della legatura, ed ora i disegni sono conservati sciolti in una scatola, indicata come album n. 7. L'iscrizione sul verso si riferisce al disegno successivo all'interno dell'album originario, mentre l'iscrizione relativa a questo disegno è: Veduta delle Mura della Ganga dalla Strada di Circonvallazione in Faenza.",donazione,Arnaldo Minardi,1932,,Comune di Faenza,https://bbcc.regione.emilia-romagna.it/pater/data/ravenna/lc-00112/lc-00112_01/219502-album7-tav67-r.jpg,https://bbcc.regione.emilia-romagna.it/pater/data/ravenna/lc-00112/lc-00112_03/219502-album7-tav67-v.jpg,1823,1842
205338,disegno,"Veduta della Porta del Quadrone fuori del Borgo Durbecco, Faenza",Italia,Emilia-Romagna,RA,Faenza,Biblioteca Comunale Manfrediana,Disegni e acquerelli di Romolo Liverani - Repertorio 9,219503 Album 7 - tav. 68,Liverani Romolo,21,28,cm.,carta/ penna/ acquarello,buono,"Macchiato lungo il margine superiore a causa del nastro adesivo, ora rimosso.","L'album al quale appartiene la presente tavola è ben noto per le preziose vedute di Faenza e territori limitrofi. Anche in questo caso l'iscrizione sul verso fornisce un valido aiuto all'identificazione del luogo, e aggiunge una notizia in più ai punti di riferimento per l'attività del Liverani. Tuttavia lo sguardo, attraverso tale attività, coglie una familiare panoramica di città, paesi, vallate e colline di Romagna e Marche, osservate col diaframma dell'uomo di teatro. Case e luoghi pittoreschi e suggestivi, anche se ricondotti alla dimensione più vera e schietta della vita, acquistano una funzione evocatrice di luoghi e situazioni perenni.","La prima carta dell'album originale, che conteneva il disegno, reca il seguente testo manoscritto autografo: ""Vol. 1. Raccolta di n. 270 vedute della Città di Faenza, Subborghi ed alcune Villeggiature appartenenti a detta Città. Queste vedute furono incominciate sin dal anno 1823 è [sic] in più volte seguite è lasciate, avendole fatte sempre in quel tempo che rimanevano d'agio ho di spasso. Sono, dette vedute, state poste a termine la mattina del 14 settembre 1842, giorno fatale per la memorabile piena delle acque condotte nel fiume, di modoche era la fiumana superiore alle archate da 3 Metri e per due ore il ponte stesso chiuso, poi non potendo più regere allo urto del acqua, sulle 10 e 3/4 della mattina cadde, rovinado [sic] la pilla dalla parte della città, poscia per consenso mancando lapoggio del Arco di Mezzo la Torre che sorregevasi sul altra pila tardò un quattro minuti e rovinò anch'essa ed ebbe morte e tomba in un punto stesso e la stessa mattina io acquerelando la penultima veduta di questa raccolta. Romolo Pittore negli anni 33 di mia vita."" Tale album, però, durante l'ultimo restauro, ha subito il distacco della coperta e della legatura, ed ora i disegni sono conservati sciolti in una scatola, indicata come album n. 7. L'iscrizione sul verso si riferisce al disegno successivo all'interno dell'album originario, mentre l'iscrizione relativa a questo disegno è: Veduta della Porta del Quadrone fuori del Borgo Durbecco di Faenza.",donazione,Arnaldo Minardi,1932,,Comune di Faenza,https://bbcc.regione.emilia-romagna.it/pater/data/ravenna/lc-00112/lc-00112_01/219503-album7-tav68-r.jpg,https://bbcc.regione.emilia-romagna.it/pater/data/ravenna/lc-00112/lc-00112_03/219503-album7-tav68-v.jpg,1823,1842
205339,disegno,Veduta del Ponte di Faenza sul Lamone,Italia,Emilia-Romagna,RA,Faenza,Biblioteca Comunale Manfrediana,Disegni e acquerelli di Romolo Liverani - Repertorio 9,219504 Album 7 - tav. 69,Liverani Romolo,21,28,cm.,carta/ penna/ acquarello,buono,"Macchiato lungo il lato superiore a causa del nastro adesivo, ora rimosso.","Il ponte medievale a tre archi, che aveva sostituito in epoca imprecisata l'antico ponte romano sul fiume Lamone, era caratterizzato da due torri merlate: l'una posta sulla riva sinistra fungeva da porta della città, l'altra collocata sulla pila tra l'arco centrale e quello sulla sponda verso il Borgo d'Urbecco. Il complesso può farsi risalire ai secoli XIII e XIV e aveva subito vari restauri ed interventi. L'ultimo era stato quello del 1777 di G. Pistocchi che, oltre al selciato, aveva rifatto completamente i parapetti, delimitati alle testate, da larghe basi ovali. Negli anni immediatamente seguenti i tetti, che erano posti sopra i merli delle torri, furono rifatti al di sotto degli stessi. I numerosi disegni di Romolo Liverani, che l'ha ripreso da svariati punti di vista, ce ne hanno tramandato l'immagine fedele ed esauriente. Una straordinaria piena, avvenuta il 14 settembre 1842, provocò la caduta della torre verso il borgo e di due arcate verso la città.","La prima carta dell'album originale, che conteneva il disegno, reca il seguente testo manoscritto autografo: ""Vol. 1. Raccolta di n. 270 vedute della Città di Faenza, Subborghi ed alcune Villeggiature appartenenti a detta Città. Queste vedute furono incominciate sin dal anno 1823 è [sic] in più volte seguite è lasciate, avendole fatte sempre in quel tempo che rimanevano d'agio ho di spasso. Sono, dette vedute, state poste a termine la mattina del 14 settembre 1842, giorno fatale per la memorabile piena delle acque condotte nel fiume, di modoche era la fiumana superiore alle archate da 3 Metri e per due ore il ponte stesso chiuso, poi non potendo più regere allo urto del acqua, sulle 10 e 3/4 della mattina cadde, rovinado [sic] la pilla dalla parte della città, poscia per consenso mancando lapoggio del Arco di Mezzo la Torre che sorregevasi sul altra pila tardò un quattro minuti e rovinò anch'essa ed ebbe morte e tomba in un punto stesso e la stessa mattina io acquerelando la penultima veduta di questa raccolta. Romolo Pittore negli anni 33 di mia vita."" Tale album, però, durante l'ultimo restauro, ha subito il distacco della coperta e della legatura, ed ora i disegni sono conservati sciolti in una scatola, indicata come album n. 7. L'iscrizione sul verso si riferisce al disegno successivo all'interno dell'album originario, mentre l'iscrizione relativa a questo disegno è: Veduta del Ponte di Faenza sul Lamone.",donazione,Arnaldo Minardi,1932,,Comune di Faenza,https://bbcc.regione.emilia-romagna.it/pater/data/ravenna/lc-00112/lc-00112_01/219504-album7-tav69-r.jpg,https://bbcc.regione.emilia-romagna.it/pater/data/ravenna/lc-00112/lc-00112_03/219504-album7-tav69-v.jpg,1823,1842
205341,disegno,"Veduta dell'ingresso alla chiesa delle monache di S. Maglorio, Faenza",Italia,Emilia-Romagna,RA,Faenza,Biblioteca Comunale Manfrediana,Disegni e acquerelli di Romolo Liverani - Repertorio 9,219505 Album 7 - tav. 70,Liverani Romolo,21,28,cm.,carta/ penna/ acquarello,buono,"Macchiato e sfrangiato lungo il lato superiore, causa il nastro adesivo, ora rimosso, utilizzato per tenerlo adeso al passepartout.","Questa veduta riproduce l'arco monumentale cinquecentesco che introduceva al cortiletto ed al portico antistante la chiesa di S. Maglorio. E' evidente il carattere settecentesco del frontone con cornice a sguscio che sovrasta il doppio portico di origine cinquecentesca. Basti ricordare che fu il luogo ove visse e morì (è ancora visibile in chiesa la lastra tombale) l'amante di Galeotto Manfredi, la ferrarese Cassandra dei Pavoni.
In questa tavola, come sempre accade con Liverani, la veduta acquista un valore conoscitivo non certo marginale per uno scenografo. L'inesauribile vena di Romolo, infatti è stimolata tanto dal sogno romantico e dal verosimile teatrale quanto dal vero, poichè è il reale a fornire pretesto e soggetto al verosimile.","La prima carta dell'album originale, che conteneva il disegno, reca il seguente testo manoscritto autografo: ""Vol. 1. Raccolta di n. 270 vedute della Città di Faenza, Subborghi ed alcune Villeggiature appartenenti a detta Città. Queste vedute furono incominciate sin dal anno 1823 è [sic] in più volte seguite è lasciate, avendole fatte sempre in quel tempo che rimanevano d'agio ho di spasso. Sono, dette vedute, state poste a termine la mattina del 14 settembre 1842, giorno fatale per la memorabile piena delle acque condotte nel fiume, di modoche era la fiumana superiore alle archate da 3 Metri e per due ore il ponte stesso chiuso, poi non potendo più regere allo urto del acqua, sulle 10 e 3/4 della mattina cadde, rovinado [sic] la pilla dalla parte della città, poscia per consenso mancando lapoggio del Arco di Mezzo la Torre che sorregevasi sul altra pila tardò un quattro minuti e rovinò anch'essa ed ebbe morte e tomba in un punto stesso e la stessa mattina io acquerelando la penultima veduta di questa raccolta. Romolo Pittore negli anni 33 di mia vita."" Tale album, però, durante l'ultimo restauro, ha subito il distacco della coperta e della legatura, ed ora i disegni sono conservati sciolti in una scatola, indicata come album n. 7. L'iscrizione sul verso si riferisce al disegno successivo all'interno dell'album originario, mentre l'iscrizione relativa a questo disegno è: Veduta dell'ingresso alla chiesa delle monache di S. Maglorio in Faenza.",donazione,Arnaldo Minardi,1932,,Comune di Faenza,https://bbcc.regione.emilia-romagna.it/pater/data/ravenna/lc-00112/lc-00112_01/219505-album7-tav70-r.jpg,https://bbcc.regione.emilia-romagna.it/pater/data/ravenna/lc-00112/lc-00112_03/219505-album7-tav70-v.jpg,1823,1842
205343,disegno,"Veduta dell'atrio nel palazzo di Casa Mazzolani, Faenza",Italia,Emilia-Romagna,RA,Faenza,Biblioteca Comunale Manfrediana,Disegni e acquerelli di Romolo Liverani - Repertorio 9,219506 Album 7 - tav. 71,Liverani Romolo,21,28,cm.,carta/ penna/ acquarello,buono,"Macchiato e sfrangiato lungo il lato superiore, a causa del nastro adesivo, ora rimosso, utilizzato per tenerlo adeso al passepartout.","""Il grandioso atrio del palazzo dei C.ti Mazzolani, costruito ai primissimi del secolo XVIII è, oggi, ridotto e parzialmente deformato da muri che chiudono le arcate di destra. Liverani ce lo mostra dall'interno, aperto sul cortile, attraverso al quale si scorgono i pro-servizi fra due arcate, l'ultima delle quali non è che il fornice del portone posteriore sulla via Cavallana, di fronte al prato della chiesa dei Domenicani, che si intravvede in fondo con la cuspide del campanile svetante sopra i bassi comodi del palazzo. L'architettura dell'insieme è di un barocco semplice e solenne, con le grosse colonne di ordine toscano che reggono le centinature delle volte a crocera. Gli unici ornati sono costituiti dagli stucchi delle sovrapporte laterali. Il passo carraio centrale è in leggera pendenza verso il portone d'ingresso sul corso e si distingue dai ripiani pedonali laterali tramite un gradino alle basi delle colonne."" E. Golfieri
Emerge qui con chiarezza l'addestramento di Liverani all'effetto scenico con avvincenti tagli di luce laterali e contrasti drammatici tra il primo piano e la lontananza, con echi della cultura giovanile scaligera ed emiliana.","""Il disegno non è dei più felici ed appartiene probabilmente ad un momento un po' stanco di Romolo, ma, come in altri casi, vi si potrebbe vedere anche un intervento della mano meno esperta del figlio Tancredi."" E. Golfieri.
La prima carta dell'album originale, che conteneva il disegno, reca il seguente testo manoscritto autografo: ""Vol. 1. Raccolta di n. 270 vedute della Città di Faenza, Subborghi ed alcune Villeggiature appartenenti a detta Città. Queste vedute furono incominciate sin dal anno 1823 è [sic] in più volte seguite è lasciate, avendole fatte sempre in quel tempo che rimanevano d'agio ho di spasso. Sono, dette vedute, state poste a termine la mattina del 14 settembre 1842, giorno fatale per la memorabile piena delle acque condotte nel fiume, di modoche era la fiumana superiore alle archate da 3 Metri e per due ore il ponte stesso chiuso, poi non potendo più regere allo urto del acqua, sulle 10 e 3/4 della mattina cadde, rovinado [sic] la pilla dalla parte della città, poscia per consenso mancando lapoggio del Arco di Mezzo la Torre che sorregevasi sul altra pila tardò un quattro minuti e rovinò anch'essa ed ebbe morte e tomba in un punto stesso e la stessa mattina io acquerelando la penultima veduta di questa raccolta. Romolo Pittore negli anni 33 di mia vita."" Tale album, però, durante l'ultimo restauro, ha subito il distacco della coperta e della legatura, ed ora i disegni sono conservati sciolti in una scatola, indicata come album n. 7. L'iscrizione sul verso si riferisce al disegno successivo all'interno dell'album originario, mentre l'iscrizione relativa a questo disegno è: Veduta dell'atrio nel palazzo di Casa Mazzolani in Faenza.",donazione,Arnaldo Minardi,1932,,Comune di Faenza,https://bbcc.regione.emilia-romagna.it/pater/data/ravenna/lc-00112/lc-00112_01/219506-album7-tav71-r.jpg,https://bbcc.regione.emilia-romagna.it/pater/data/ravenna/lc-00112/lc-00112_03/219506-album7-tav71-v.jpg,1823,1842
205346,disegno,Veduta del cortile ed atrio della chiesa delle monache di S. Maglorio.,Italia,Emilia-Romagna,RA,Faenza,Biblioteca Comunale Manfrediana,Disegni e acquerelli di Romolo Liverani - Repertorio 9,219516 Album 7 (grande) - tav. 51,Liverani Romolo,40,37,cm.,carta/ penna/ acquarello,mediocre,Indebolimenti e strappi in corrispondenza delle piegature. ,"""Questa veduta riproduce, con punto di vista all'incontrario, lo stesso cortiletto della tavola precedente [Ingresso alla chiesa di S. Maglorio]. Qui è ben chiara la successione del cortiletto e del porticato con in fondo la porta d'ingresso alla chiesa, in asse col portone grande, ma eccentrica rispetto al cortiletto. Sopra al porticato sono le finestre del coretto delle monache demolito negli anni successivi all'ultima guerra. Il coretto addossato alla facciata della chiesa, già annesso al Museo Internazionale delle Ceramiche, fu ceduto alla Casa del Prete perchè danneggiato dai bombardamenti e fu demolito. All'interno aveva degli stucchi fra i più leggiadri ed eleganti del rococò faentino, dello stesso periodo e forse delle stesse mani degli stucchi di S. Umiltà in via Pascoli. E' evidente il carattere settecentesco del frontone con cornice a sguscio che sovrasta il doppio portico di origine cinquecentesca. [...] Basti ricordare che fu il luogo ove visse e morì (è ancora visibile in chiesa la lastra tombale) l'amante di Galeotto Manfredi: la ferrarese Cassandra dei Pavoni."" E. Golfieri","La prima carta dell'album originale, che conteneva il disegno, reca il seguente testo manoscritto autografo: ""Vol. 1. Raccolta di n. 270 vedute della Città di Faenza, Subborghi ed alcune Villeggiature appartenenti a detta Città. Queste vedute furono incominciate sin dal anno 1823 è [sic] in più volte seguite è lasciate, avendole fatte sempre in quel tempo che rimanevano d'agio ho di spasso. Sono, dette vedute, state poste a termine la mattina del 14 settembre 1842, giorno fatale per la memorabile piena delle acque condotte nel fiume, di modoche era la fiumana superiore alle archate da 3 Metri e per due ore il ponte stesso chiuso, poi non potendo più regere allo urto del acqua, sulle 10 e 3/4 della mattina cadde, rovinado [sic] la pilla dalla parte della città, poscia per consenso mancando lapoggio del Arco di Mezzo la Torre che sorregevasi sul altra pila tardò un quattro minuti e rovinò anch'essa ed ebbe morte e tomba in un punto stesso e la stessa mattina io acquerelando la penultima veduta di questa raccolta. Romolo Pittore negli anni 33 di mia vita."" Tale album, però, durante l'ultimo restauro, ha subito il distacco della coperta e della legatura, ed ora i disegni sono conservati sciolti in una scatola, indicata come album n. 7. L'iscrizione si riferisce al disegno successivo all'interno dell'album originario, dal titolo: Veduta di Fianco di S. Rocco in Faenza.",donazione,Arnaldo Minardi,1932,,Comune di Faenza,https://bbcc.regione.emilia-romagna.it/pater/data/ravenna/lc-00112/lc-00112_01/219516-album7-tav51-r.JPG,,1823,1842
205348,disegno,"Veduta del ponte con le torri, Faenza",Italia,Emilia-Romagna,RA,Faenza,Biblioteca Comunale Manfrediana,Disegni e acquerelli di Romolo Liverani - Repertorio 9,219507 Album 7 (grande) - tav. 72,Liverani Romolo,28,41,cm.,carta/ penna/ acquarello,discreto,"Indebolimento in corrispondenza della piegatura centrale. Macchiato lungo il lato superiore a causa del nastro adesivo, ora rimosso.","Il ponte medievale a tre archi, che aveva sostituito in epoca imprecisata l'antico ponte romano sul fiume Lamone, era caratterizzato da due torri merlate: l'una posta sulla riva sinistra fungeva da porta della città, l'altra collocata sulla pila tra l'arco centrale e quello sulla sponda verso il Borgo d'Urbecco. Il complesso può farsi risalire ai secoli XIII e XIV e aveva subito vari restauri ed interventi. L'ultimo era stato quello del 1777 di G. Pistocchi che, oltre al selciato, aveva rifatto completamente i parapetti, delimitati alle testate, da larghe basi ovali. Negli anni immediatamente seguenti i tetti, che erano posti sopra i merli delle torri, furono rifatti al di sotto degli stessi. I numerosi disegni di Romolo Liverani, che l'ha ripreso da svariati punti di vista, ce ne hanno tramandato l'immagine fedele ed esauriente. La presente tavola mostra il ponte delle Torri visto dall'arco del Borgo: in lontananza il campanile e la chiesa dei Servi, la torre dell'orologio.
La torre sulla pila del ponte era adornata di una Annunciazione di terracotta, che fu recuperata, dopo il crollo avvenuto per una piena nel 1842, e collocata nella prima cappella a destra del Duomo.","La prima carta dell'album originale, che conteneva il disegno, reca il seguente testo manoscritto autografo: ""Vol. 1. Raccolta di n. 270 vedute della Città di Faenza, Subborghi ed alcune Villeggiature appartenenti a detta Città. Queste vedute furono incominciate sin dal anno 1823 è [sic] in più volte seguite è lasciate, avendole fatte sempre in quel tempo che rimanevano d'agio ho di spasso. Sono, dette vedute, state poste a termine la mattina del 14 settembre 1842, giorno fatale per la memorabile piena delle acque condotte nel fiume, di modoche era la fiumana superiore alle archate da 3 Metri e per due ore il ponte stesso chiuso, poi non potendo più regere allo urto del acqua, sulle 10 e 3/4 della mattina cadde, rovinado [sic] la pilla dalla parte della città, poscia per consenso mancando lapoggio del Arco di Mezzo la Torre che sorregevasi sul altra pila tardò un quattro minuti e rovinò anch'essa ed ebbe morte e tomba in un punto stesso e la stessa mattina io acquerelando la penultima veduta di questa raccolta. Romolo Pittore negli anni 33 di mia vita."" Tale album, però, durante l'ultimo restauro, ha subito il distacco della coperta e della legatura, ed ora i disegni sono conservati sciolti in una scatola, indicata come album n. 7. ",donazione,Arnaldo Minardi,1932,,Comune di Faenza,https://bbcc.regione.emilia-romagna.it/pater/data/ravenna/lc-00112/lc-00112_01/219507-album7-tav72-r.jpg,https://bbcc.regione.emilia-romagna.it/pater/data/ravenna/lc-00112/lc-00112_03/219507-album7-tav72-v.jpg,1823,1842
230321,disegno,Entrata della Rocca di Brisighella,Italia,Emilia-Romagna,RA,Faenza,Biblioteca Comunale Manfrediana,Disegni e acquerelli di Romolo Liverani - Repertorio 9,1233 Album 8 - tav. 1,Liverani Romolo,"15,5","20,5",cm.,carta/ penna/ acquarello,buono,,"L'iscrizione relativa a questo disegno si trova sul verso della tavola 4 di questo album, che in origine era la prima.","Il disegno in origine apparteneva ad un album; tale album, però, ha subito il distacco della coperta e della legatura, ed ora i disegni sono conservati sciolti in una scatola, indicata come album n. 8. Alcuni di essi presentano interventi di consolidamento attraverso la tecnica della velatura con carta giapponese. L'album è costituito da 168 fogli con disegni a penna acquarellati di formato pressoché simile, costante la lunghezza di cm 20,5, varia l'altezza tra cm 14 e 15,5. Comprende, oltre ad un gruppo di vedute: nn. 1-7 (Brisighella) e nn. 26-28 (Ravenna), numerosi studi di luoghi, usi e costumi, paesaggi e soggetti ameni suddivisi per continenti e copiati dalle tavole contenute nell'opera “Il costume antico e moderno o storia del governo, della milizia, della religione, delle arti, scienze ed usanze di tutti i popoli antichi e moderni provata coi monumenti dell'antichità e rappresentata cogli analoghi disegni del dottor Giulio Ferrario”, pubblicata a Firenze da Vincenzo Batelli a partire dal 1815. Le date presenti sui disegni si riferiscono all'utilizzo dei soggetti in un arco di tempo compreso tra il 1823 e il 1834. Tale album fu acquistato nel 1962, per interessamento di Giuseppe Liverani, direttore del Museo delle Ceramiche, presso la libreria Roma di Roma.",,,,,Comune di Faenza,https://bbcc.regione.emilia-romagna.it/pater/data/ravenna/lc-00112/lc-00112_09/tav1-1233-album8-r.jpg,https://bbcc.regione.emilia-romagna.it/pater/data/ravenna/lc-00112/lc-00112_09/tav1-1233-album8-v.jpg,1823,1834
230340,disegno,Passaggio sotterraneo nella Rocca di Brisighella,Italia,Emilia-Romagna,RA,Faenza,Biblioteca Comunale Manfrediana,Disegni e acquerelli di Romolo Liverani - Repertorio 9,1238 Album 8 - tav. 6,Liverani Romolo,"15,7","20,5",cm.,carta/ penna/ acquarello,buono,,L'iscrizione relativa a questo disegno si trova sul verso della tavola 3 e lo definisce strade sotterranee nella Rocca di Brisighella.,"Il disegno in origine apparteneva ad un album; tale album, però, ha subito il distacco della coperta e della legatura, ed ora i disegni sono conservati sciolti in una scatola, indicata come album n. 8. Alcuni di essi presentano interventi di consolidamento attraverso la tecnica della velatura con carta giapponese. L'album è costituito da 168 fogli con disegni a penna acquarellati di formato pressoché simile, costante la lunghezza di cm 20,5, varia l'altezza tra cm 14 e 15,5. Comprende, oltre ad un gruppo di vedute: nn. 1-7 (Brisighella) e nn. 26-28 (Ravenna), numerosi studi di luoghi, usi e costumi, paesaggi e soggetti ameni suddivisi per continenti e copiati dalle tavole contenute nell'opera “Il costume antico e moderno o storia del governo, della milizia, della religione, delle arti, scienze ed usanze di tutti i popoli antichi e moderni provata coi monumenti dell'antichità e rappresentata cogli analoghi disegni del dottor Giulio Ferrario”, pubblicata a Firenze da Vincenzo Batelli a partire dal 1815. Le date presenti sui disegni si riferiscono all'utilizzo dei soggetti in un arco di tempo compreso tra il 1823 e il 1834. Tale album fu acquistato nel 1962, per interessamento di Giuseppe Liverani, direttore del Museo delle Ceramiche, presso la libreria Roma di Roma.",,,,,Comune di Faenza,https://bbcc.regione.emilia-romagna.it/pater/data/ravenna/lc-00112/lc-00112_09/tav6-1238-album8-r.jpg,https://bbcc.regione.emilia-romagna.it/pater/data/ravenna/lc-00112/lc-00112_09/tav6-1238-album8-v.jpg,1823,1834
205147,disegno,"Stanzone degli Aranci e giardino di villa Zavoli detta Serra, fuori Faenza",Italia,Emilia-Romagna,RA,Faenza,Biblioteca Comunale Manfrediana,Disegni e acquerelli di Romolo Liverani - Repertorio 9,219444 Abum 7 - tav. 8,Liverani Romolo,22,29,cm.,carta/ penna/ acquarello,buono,"Macchiato e sfrangiato lungo il lato superiore, a causa del nastro adesivo, ora rimosso, utilizzato per tenerlo adeso al passepartout.",L'iscrizione relativa a questa disegno è: Veduta dello Stanzone degli Aranci e giardino della sù indicata villeggiatura [Zavoli a Faenza].,"La prima carta dell'album originale reca il seguente testo ms autografo: ""Vol. 1. Raccolta di n. 270 vedute della Città di Faenza, Subborghi ed alcune Villeggiature appartenenti a detta Città. Queste vedute furono incominciate sin dal anno 1823 è [sic] in più volte seguite è lasciate, avendole fatte sempre in quel tempo che rimanevano d'agio ho di spasso. Sono, dette vedute, state poste a termine la mattina del 14 settembre 1842, giorno fatale per la memorabile piena delle acque condotte nel fiume, di modoche era la fiumana superiore alle archate da 3 Metri e per due ore il ponte stesso chiuso, poi non potendo più regere allo urto del acqua, sulle 10 e 3/4 della mattina cadde, rovinado [sic] la pilla dalla parte della città, poscia per consenso mancando lapoggio del Arco di Mezzo la Torre che sorregevasi sul altra pila tardò un quattro minuti e rovinò anch'essa ed ebbe morte e tomba in un punto stesso e la stessa mattina io acquerelando la penultima veduta di questa raccolta. Romolo Pittore negli anni 33 di mia vita."" Il disegno in origine apparteneva ad un album; tale album, però, durante l'ultimo restauro, ha subito il distacco della coperta e della legatura, ed ora i disegni sono conservati sciolti in una scatola, indicata come album n. 7. L'iscrizione sul verso si riferisce al disegno successivo all'interno dell'album originario.",donazione,Arnaldo Minardi,1932,,Comune di Faenza,https://bbcc.regione.emilia-romagna.it/pater/data/ravenna/lc-00112/lc-00112_01/219444-album7-tav8-r.jpg,https://bbcc.regione.emilia-romagna.it/pater/data/ravenna/lc-00112/lc-00112_03/219444-album7-tav8-v.jpg,1823,1842
